date,city,tmax_f,tmin_f,energy_mwh
2025-04-05,Chicago,34.2,32.7,1892641
2025-04-05,Chicago,34.2,32.7,1892256
2025-04-05,Chicago,34.2,32.7,1892491
2025-04-05,Chicago,34.2,32.7,1892310
2025-04-05,Chicago,34.2,32.7,1892641
2025-04-05,Chicago,34.2,32.7,1821913
2025-04-05,Chicago,34.2,32.7,1821916
2025-04-05,Chicago,34.2,32.7,1822164
2025-04-05,Chicago,34.2,32.7,1821949
2025-04-05,Chicago,34.2,32.7,1821913
2025-04-05,Chicago,34.2,32.7,2014582
2025-04-05,Chicago,34.2,32.7,2016032
2025-04-05,Chicago,34.2,32.7,2018366
2025-04-05,Chicago,34.2,32.7,2014942
2025-04-05,Chicago,34.2,32.7,2014582
2025-04-05,Chicago,34.2,32.7,121940
2025-04-05,Chicago,34.2,32.7,123776
2025-04-05,Chicago,34.2,32.7,125875
2025-04-05,Chicago,34.2,32.7,122632
2025-04-05,Chicago,34.2,32.7,121940
2025-04-05,Houston,37.1,34.5,1142875
2025-04-05,Houston,37.1,34.5,1148242
2025-04-05,Houston,37.1,34.5,1151821
2025-04-05,Houston,37.1,34.5,1145293
2025-04-05,Houston,37.1,34.5,1142875
2025-04-05,Houston,37.1,34.5,1164940
2025-04-05,Houston,37.1,34.5,1170171
2025-04-05,Houston,37.1,34.5,1171174
2025-04-05,Houston,37.1,34.5,1167450
2025-04-05,Houston,37.1,34.5,1164940
2025-04-05,Houston,37.1,34.5,1142919
2025-04-05,Houston,37.1,34.5,1148115
2025-04-05,Houston,37.1,34.5,1151503
2025-04-05,Houston,37.1,34.5,1145462
2025-04-05,Houston,37.1,34.5,1142919
2025-04-05,Houston,37.1,34.5,48
2025-04-05,Houston,37.1,34.5,-125
2025-04-05,Houston,37.1,34.5,-315
2025-04-05,Houston,37.1,34.5,173
2025-04-05,Houston,37.1,34.5,48
2025-04-05,New York,34.7,33.1,356251
2025-04-05,New York,34.7,33.1,355540
2025-04-05,New York,34.7,33.1,355164
2025-04-05,New York,34.7,33.1,355941
2025-04-05,New York,34.7,33.1,356251
2025-04-05,New York,34.7,33.1,346415
2025-04-05,New York,34.7,33.1,346504
2025-04-05,New York,34.7,33.1,346541
2025-04-05,New York,34.7,33.1,346472
2025-04-05,New York,34.7,33.1,346415
2025-04-05,New York,34.7,33.1,317107
2025-04-05,New York,34.7,33.1,316706
2025-04-05,New York,34.7,33.1,315840
2025-04-05,New York,34.7,33.1,317044
2025-04-05,New York,34.7,33.1,317107
2025-04-05,New York,34.7,33.1,-39144
2025-04-05,New York,34.7,33.1,-38834
2025-04-05,New York,34.7,33.1,-39324
2025-04-05,New York,34.7,33.1,-38897
2025-04-05,New York,34.7,33.1,-39144
2025-04-05,Phoenix,36.7,34.2,74476
2025-04-05,Phoenix,36.7,34.2,74658
2025-04-05,Phoenix,36.7,34.2,74809
2025-04-05,Phoenix,36.7,34.2,74605
2025-04-05,Phoenix,36.7,34.2,74476
2025-04-05,Phoenix,36.7,34.2,71659
2025-04-05,Phoenix,36.7,34.2,71547
2025-04-05,Phoenix,36.7,34.2,71459
2025-04-05,Phoenix,36.7,34.2,71597
2025-04-05,Phoenix,36.7,34.2,71659
2025-04-05,Phoenix,36.7,34.2,44710
2025-04-05,Phoenix,36.7,34.2,44963
2025-04-05,Phoenix,36.7,34.2,45016
2025-04-05,Phoenix,36.7,34.2,44824
2025-04-05,Phoenix,36.7,34.2,44710
2025-04-05,Phoenix,36.7,34.2,-29766
2025-04-05,Phoenix,36.7,34.2,-29695
2025-04-05,Phoenix,36.7,34.2,-29793
2025-04-05,Phoenix,36.7,34.2,-29781
2025-04-05,Phoenix,36.7,34.2,-29766
2025-04-05,Seattle,35.8,33.1,23341
2025-04-05,Seattle,35.8,33.1,23444
2025-04-05,Seattle,35.8,33.1,23497
2025-04-05,Seattle,35.8,33.1,23391
2025-04-05,Seattle,35.8,33.1,23341
2025-04-05,Seattle,35.8,33.1,22487
2025-04-05,Seattle,35.8,33.1,22561
2025-04-05,Seattle,35.8,33.1,22585
2025-04-05,Seattle,35.8,33.1,22531
2025-04-05,Seattle,35.8,33.1,22487
2025-04-05,Seattle,35.8,33.1,14817
2025-04-05,Seattle,35.8,33.1,14877
2025-04-05,Seattle,35.8,33.1,14854
2025-04-05,Seattle,35.8,33.1,14855
2025-04-05,Seattle,35.8,33.1,14817
2025-04-05,Seattle,35.8,33.1,-8524
2025-04-05,Seattle,35.8,33.1,-8567
2025-04-05,Seattle,35.8,33.1,-8643
2025-04-05,Seattle,35.8,33.1,-8536
2025-04-05,Seattle,35.8,33.1,-8524
2025-04-06,Chicago,33.8,32.3,1917098
2025-04-06,Chicago,33.8,32.3,1911150
2025-04-06,Chicago,33.8,32.3,1909061
2025-04-06,Chicago,33.8,32.3,1913742
2025-04-06,Chicago,33.8,32.3,1917098
2025-04-06,Chicago,33.8,32.3,1883242
2025-04-06,Chicago,33.8,32.3,1870636
2025-04-06,Chicago,33.8,32.3,1865649
2025-04-06,Chicago,33.8,32.3,1876345
2025-04-06,Chicago,33.8,32.3,1883242
2025-04-06,Chicago,33.8,32.3,2000070
2025-04-06,Chicago,33.8,32.3,1997862
2025-04-06,Chicago,33.8,32.3,1997254
2025-04-06,Chicago,33.8,32.3,1998679
2025-04-06,Chicago,33.8,32.3,2000070
2025-04-06,Chicago,33.8,32.3,82977
2025-04-06,Chicago,33.8,32.3,86716
2025-04-06,Chicago,33.8,32.3,88198
2025-04-06,Chicago,33.8,32.3,84941
2025-04-06,Chicago,33.8,32.3,82977
2025-04-06,Houston,34.8,33.6,1100307
2025-04-06,Houston,34.8,33.6,1103017
2025-04-06,Houston,34.8,33.6,1105273
2025-04-06,Houston,34.8,33.6,1101404
2025-04-06,Houston,34.8,33.6,1100307
2025-04-06,Houston,34.8,33.6,1094254
2025-04-06,Houston,34.8,33.6,1092460
2025-04-06,Houston,34.8,33.6,1094724
2025-04-06,Houston,34.8,33.6,1092846
2025-04-06,Houston,34.8,33.6,1094254
2025-04-06,Houston,34.8,33.6,1100725
2025-04-06,Houston,34.8,33.6,1103891
2025-04-06,Houston,34.8,33.6,1106368
2025-04-06,Houston,34.8,33.6,1102010
2025-04-06,Houston,34.8,33.6,1100725
2025-04-06,Houston,34.8,33.6,424
2025-04-06,Houston,34.8,33.6,881
2025-04-06,Houston,34.8,33.6,1102
2025-04-06,Houston,34.8,33.6,612
2025-04-06,Houston,34.8,33.6,424
2025-04-06,New York,34.4,33.1,347629
2025-04-06,New York,34.4,33.1,347507
2025-04-06,New York,34.4,33.1,347576
2025-04-06,New York,34.4,33.1,347496
2025-04-06,New York,34.4,33.1,347629
2025-04-06,New York,34.4,33.1,333141
2025-04-06,New York,34.4,33.1,332261
2025-04-06,New York,34.4,33.1,331977
2025-04-06,New York,34.4,33.1,332646
2025-04-06,New York,34.4,33.1,333141
2025-04-06,New York,34.4,33.1,287588
2025-04-06,New York,34.4,33.1,288618
2025-04-06,New York,34.4,33.1,289492
2025-04-06,New York,34.4,33.1,287809
2025-04-06,New York,34.4,33.1,287588
2025-04-06,New York,34.4,33.1,-60041
2025-04-06,New York,34.4,33.1,-58889
2025-04-06,New York,34.4,33.1,-58084
2025-04-06,New York,34.4,33.1,-59687
2025-04-06,New York,34.4,33.1,-60041
2025-04-06,Phoenix,36.9,34.6,73356
2025-04-06,Phoenix,36.9,34.6,73323
2025-04-06,Phoenix,36.9,34.6,73171
2025-04-06,Phoenix,36.9,34.6,73388
2025-04-06,Phoenix,36.9,34.6,73356
2025-04-06,Phoenix,36.9,34.6,72403
2025-04-06,Phoenix,36.9,34.6,72393
2025-04-06,Phoenix,36.9,34.6,72212
2025-04-06,Phoenix,36.9,34.6,72474
2025-04-06,Phoenix,36.9,34.6,72403
2025-04-06,Phoenix,36.9,34.6,46177
2025-04-06,Phoenix,36.9,34.6,46261
2025-04-06,Phoenix,36.9,34.6,46257
2025-04-06,Phoenix,36.9,34.6,46220
2025-04-06,Phoenix,36.9,34.6,46177
2025-04-06,Phoenix,36.9,34.6,-27179
2025-04-06,Phoenix,36.9,34.6,-27062
2025-04-06,Phoenix,36.9,34.6,-26914
2025-04-06,Phoenix,36.9,34.6,-27168
2025-04-06,Phoenix,36.9,34.6,-27179
2025-04-06,Seattle,34.5,33.6,23678
2025-04-06,Seattle,34.5,33.6,23584
2025-04-06,Seattle,34.5,33.6,23525
2025-04-06,Seattle,34.5,33.6,23648
2025-04-06,Seattle,34.5,33.6,23678
2025-04-06,Seattle,34.5,33.6,22137
2025-04-06,Seattle,34.5,33.6,22125
2025-04-06,Seattle,34.5,33.6,22087
2025-04-06,Seattle,34.5,33.6,22134
2025-04-06,Seattle,34.5,33.6,22137
2025-04-06,Seattle,34.5,33.6,15873
2025-04-06,Seattle,34.5,33.6,15762
2025-04-06,Seattle,34.5,33.6,15687
2025-04-06,Seattle,34.5,33.6,15808
2025-04-06,Seattle,34.5,33.6,15873
2025-04-06,Seattle,34.5,33.6,-7805
2025-04-06,Seattle,34.5,33.6,-7822
2025-04-06,Seattle,34.5,33.6,-7838
2025-04-06,Seattle,34.5,33.6,-7840
2025-04-06,Seattle,34.5,33.6,-7805
2025-04-07,Chicago,33.4,31.5,2143753
2025-04-07,Chicago,33.4,31.5,2131308
2025-04-07,Chicago,33.4,31.5,2125097
2025-04-07,Chicago,33.4,31.5,2137655
2025-04-07,Chicago,33.4,31.5,2143753
2025-04-07,Chicago,33.4,31.5,2103510
2025-04-07,Chicago,33.4,31.5,2088953
2025-04-07,Chicago,33.4,31.5,2081983
2025-04-07,Chicago,33.4,31.5,2096146
2025-04-07,Chicago,33.4,31.5,2103510
2025-04-07,Chicago,33.4,31.5,2193243
2025-04-07,Chicago,33.4,31.5,2183620
2025-04-07,Chicago,33.4,31.5,2179288
2025-04-07,Chicago,33.4,31.5,2188803
2025-04-07,Chicago,33.4,31.5,2193243
2025-04-07,Chicago,33.4,31.5,49492
2025-04-07,Chicago,33.4,31.5,52314
2025-04-07,Chicago,33.4,31.5,54192
2025-04-07,Chicago,33.4,31.5,51150
2025-04-07,Chicago,33.4,31.5,49492
2025-04-07,Houston,35.8,33.4,1098377
2025-04-07,Houston,35.8,33.4,1101862
2025-04-07,Houston,35.8,33.4,1102791
2025-04-07,Houston,35.8,33.4,1100245
2025-04-07,Houston,35.8,33.4,1098377
2025-04-07,Houston,35.8,33.4,1160975
2025-04-07,Houston,35.8,33.4,1165878
2025-04-07,Houston,35.8,33.4,1166774
2025-04-07,Houston,35.8,33.4,1163550
2025-04-07,Houston,35.8,33.4,1160975
2025-04-07,Houston,35.8,33.4,1098108
2025-04-07,Houston,35.8,33.4,1101393
2025-04-07,Houston,35.8,33.4,1102431
2025-04-07,Houston,35.8,33.4,1099830
2025-04-07,Houston,35.8,33.4,1098108
2025-04-07,Houston,35.8,33.4,-274
2025-04-07,Houston,35.8,33.4,-475
2025-04-07,Houston,35.8,33.4,-366
2025-04-07,Houston,35.8,33.4,-420
2025-04-07,Houston,35.8,33.4,-274
2025-04-07,New York,33.8,32.7,385600
2025-04-07,New York,33.8,32.7,384010
2025-04-07,New York,33.8,32.7,383201
2025-04-07,New York,33.8,32.7,384822
2025-04-07,New York,33.8,32.7,385600
2025-04-07,New York,33.8,32.7,374858
2025-04-07,New York,33.8,32.7,373670
2025-04-07,New York,33.8,32.7,373008
2025-04-07,New York,33.8,32.7,374279
2025-04-07,New York,33.8,32.7,374858
2025-04-07,New York,33.8,32.7,317875
2025-04-07,New York,33.8,32.7,313610
2025-04-07,New York,33.8,32.7,311635
2025-04-07,New York,33.8,32.7,315757
2025-04-07,New York,33.8,32.7,317875
2025-04-07,New York,33.8,32.7,-67725
2025-04-07,New York,33.8,32.7,-70400
2025-04-07,New York,33.8,32.7,-71566
2025-04-07,New York,33.8,32.7,-69065
2025-04-07,New York,33.8,32.7,-67725
2025-04-07,Phoenix,37.6,34.6,77230
2025-04-07,Phoenix,37.6,34.6,76815
2025-04-07,Phoenix,37.6,34.6,76546
2025-04-07,Phoenix,37.6,34.6,76997
2025-04-07,Phoenix,37.6,34.6,77230
2025-04-07,Phoenix,37.6,34.6,75875
2025-04-07,Phoenix,37.6,34.6,75748
2025-04-07,Phoenix,37.6,34.6,75754
2025-04-07,Phoenix,37.6,34.6,75756
2025-04-07,Phoenix,37.6,34.6,75875
2025-04-07,Phoenix,37.6,34.6,45621
2025-04-07,Phoenix,37.6,34.6,45358
2025-04-07,Phoenix,37.6,34.6,45399
2025-04-07,Phoenix,37.6,34.6,45390
2025-04-07,Phoenix,37.6,34.6,45621
2025-04-07,Phoenix,37.6,34.6,-31609
2025-04-07,Phoenix,37.6,34.6,-31457
2025-04-07,Phoenix,37.6,34.6,-31147
2025-04-07,Phoenix,37.6,34.6,-31607
2025-04-07,Phoenix,37.6,34.6,-31609
2025-04-07,Seattle,34.6,33.3,25845
2025-04-07,Seattle,34.6,33.3,25731
2025-04-07,Seattle,34.6,33.3,25645
2025-04-07,Seattle,34.6,33.3,25788
2025-04-07,Seattle,34.6,33.3,25845
2025-04-07,Seattle,34.6,33.3,25104
2025-04-07,Seattle,34.6,33.3,24955
2025-04-07,Seattle,34.6,33.3,24877
2025-04-07,Seattle,34.6,33.3,25035
2025-04-07,Seattle,34.6,33.3,25104
2025-04-07,Seattle,34.6,33.3,14385
2025-04-07,Seattle,34.6,33.3,14436
2025-04-07,Seattle,34.6,33.3,14509
2025-04-07,Seattle,34.6,33.3,14424
2025-04-07,Seattle,34.6,33.3,14385
2025-04-07,Seattle,34.6,33.3,-11460
2025-04-07,Seattle,34.6,33.3,-11295
2025-04-07,Seattle,34.6,33.3,-11136
2025-04-07,Seattle,34.6,33.3,-11364
2025-04-07,Seattle,34.6,33.3,-11460
2025-04-08,Chicago,33.3,31.3,2180775
2025-04-08,Chicago,33.3,31.3,2172744
2025-04-08,Chicago,33.3,31.3,2169265
2025-04-08,Chicago,33.3,31.3,2176422
2025-04-08,Chicago,33.3,31.3,2180775
2025-04-08,Chicago,33.3,31.3,2206425
2025-04-08,Chicago,33.3,31.3,2196490
2025-04-08,Chicago,33.3,31.3,2191957
2025-04-08,Chicago,33.3,31.3,2201393
2025-04-08,Chicago,33.3,31.3,2206425
2025-04-08,Chicago,33.3,31.3,2181101
2025-04-08,Chicago,33.3,31.3,2172350
2025-04-08,Chicago,33.3,31.3,2168579
2025-04-08,Chicago,33.3,31.3,2176085
2025-04-08,Chicago,33.3,31.3,2181101
2025-04-08,Chicago,33.3,31.3,323
2025-04-08,Chicago,33.3,31.3,-397
2025-04-08,Chicago,33.3,31.3,-688
2025-04-08,Chicago,33.3,31.3,-340
2025-04-08,Chicago,33.3,31.3,323
2025-04-08,Houston,36.5,33.4,1107193
2025-04-08,Houston,36.5,33.4,1106234
2025-04-08,Houston,36.5,33.4,1105262
2025-04-08,Houston,36.5,33.4,1106852
2025-04-08,Houston,36.5,33.4,1107193
2025-04-08,Houston,36.5,33.4,1120651
2025-04-08,Houston,36.5,33.4,1121866
2025-04-08,Houston,36.5,33.4,1121542
2025-04-08,Houston,36.5,33.4,1121283
2025-04-08,Houston,36.5,33.4,1120651
2025-04-08,Houston,36.5,33.4,1106465
2025-04-08,Houston,36.5,33.4,1105362
2025-04-08,Houston,36.5,33.4,1104319
2025-04-08,Houston,36.5,33.4,1106034
2025-04-08,Houston,36.5,33.4,1106465
2025-04-08,Houston,36.5,33.4,-727
2025-04-08,Houston,36.5,33.4,-869
2025-04-08,Houston,36.5,33.4,-940
2025-04-08,Houston,36.5,33.4,-816
2025-04-08,Houston,36.5,33.4,-727
2025-04-08,New York,33.3,32.3,393227
2025-04-08,New York,33.3,32.3,391510
2025-04-08,New York,33.3,32.3,390632
2025-04-08,New York,33.3,32.3,392372
2025-04-08,New York,33.3,32.3,393227
2025-04-08,New York,33.3,32.3,384855
2025-04-08,New York,33.3,32.3,383602
2025-04-08,New York,33.3,32.3,382942
2025-04-08,New York,33.3,32.3,384231
2025-04-08,New York,33.3,32.3,384855
2025-04-08,New York,33.3,32.3,367911
2025-04-08,New York,33.3,32.3,367113
2025-04-08,New York,33.3,32.3,366032
2025-04-08,New York,33.3,32.3,367728
2025-04-08,New York,33.3,32.3,367911
2025-04-08,New York,33.3,32.3,-25316
2025-04-08,New York,33.3,32.3,-24397
2025-04-08,New York,33.3,32.3,-24600
2025-04-08,New York,33.3,32.3,-24644
2025-04-08,New York,33.3,32.3,-25316
2025-04-08,Phoenix,38.2,35.1,85270
2025-04-08,Phoenix,38.2,35.1,84827
2025-04-08,Phoenix,38.2,35.1,84665
2025-04-08,Phoenix,38.2,35.1,85103
2025-04-08,Phoenix,38.2,35.1,85270
2025-04-08,Phoenix,38.2,35.1,81684
2025-04-08,Phoenix,38.2,35.1,81497
2025-04-08,Phoenix,38.2,35.1,81307
2025-04-08,Phoenix,38.2,35.1,81614
2025-04-08,Phoenix,38.2,35.1,81684
2025-04-08,Phoenix,38.2,35.1,50177
2025-04-08,Phoenix,38.2,35.1,49635
2025-04-08,Phoenix,38.2,35.1,49216
2025-04-08,Phoenix,38.2,35.1,50031
2025-04-08,Phoenix,38.2,35.1,50177
2025-04-08,Phoenix,38.2,35.1,-35093
2025-04-08,Phoenix,38.2,35.1,-35192
2025-04-08,Phoenix,38.2,35.1,-35449
2025-04-08,Phoenix,38.2,35.1,-35072
2025-04-08,Phoenix,38.2,35.1,-35093
2025-04-08,Seattle,34.4,33.3,26880
2025-04-08,Seattle,34.4,33.3,26805
2025-04-08,Seattle,34.4,33.3,26760
2025-04-08,Seattle,34.4,33.3,26840
2025-04-08,Seattle,34.4,33.3,26880
2025-04-08,Seattle,34.4,33.3,25305
2025-04-08,Seattle,34.4,33.3,25303
2025-04-08,Seattle,34.4,33.3,25309
2025-04-08,Seattle,34.4,33.3,25302
2025-04-08,Seattle,34.4,33.3,25305
2025-04-08,Seattle,34.4,33.3,13102
2025-04-08,Seattle,34.4,33.3,13220
2025-04-08,Seattle,34.4,33.3,13153
2025-04-08,Seattle,34.4,33.3,13122
2025-04-08,Seattle,34.4,33.3,13102
2025-04-08,Seattle,34.4,33.3,-13778
2025-04-08,Seattle,34.4,33.3,-13585
2025-04-08,Seattle,34.4,33.3,-13607
2025-04-08,Seattle,34.4,33.3,-13718
2025-04-08,Seattle,34.4,33.3,-13778
2025-04-09,Chicago,33.2,32.2,2169331
2025-04-09,Chicago,33.2,32.2,2177772
2025-04-09,Chicago,33.2,32.2,2182722
2025-04-09,Chicago,33.2,32.2,2173684
2025-04-09,Chicago,33.2,32.2,2169331
2025-04-09,Chicago,33.2,32.2,2159298
2025-04-09,Chicago,33.2,32.2,2171945
2025-04-09,Chicago,33.2,32.2,2177518
2025-04-09,Chicago,33.2,32.2,2165864
2025-04-09,Chicago,33.2,32.2,2159298
2025-04-09,Chicago,33.2,32.2,2195292
2025-04-09,Chicago,33.2,32.2,2206080
2025-04-09,Chicago,33.2,32.2,2211731
2025-04-09,Chicago,33.2,32.2,2200806
2025-04-09,Chicago,33.2,32.2,2195292
2025-04-09,Chicago,33.2,32.2,25960
2025-04-09,Chicago,33.2,32.2,28307
2025-04-09,Chicago,33.2,32.2,29007
2025-04-09,Chicago,33.2,32.2,27121
2025-04-09,Chicago,33.2,32.2,25960
2025-04-09,Houston,36.9,33.7,1129158
2025-04-09,Houston,36.9,33.7,1128619
2025-04-09,Houston,36.9,33.7,1127373
2025-04-09,Houston,36.9,33.7,1129180
2025-04-09,Houston,36.9,33.7,1129158
2025-04-09,Houston,36.9,33.7,1141037
2025-04-09,Houston,36.9,33.7,1141315
2025-04-09,Houston,36.9,33.7,1139827
2025-04-09,Houston,36.9,33.7,1141700
2025-04-09,Houston,36.9,33.7,1141037
2025-04-09,Houston,36.9,33.7,1131494
2025-04-09,Houston,36.9,33.7,1130866
2025-04-09,Houston,36.9,33.7,1129397
2025-04-09,Houston,36.9,33.7,1131523
2025-04-09,Houston,36.9,33.7,1131494
2025-04-09,Houston,36.9,33.7,2329
2025-04-09,Houston,36.9,33.7,2238
2025-04-09,Houston,36.9,33.7,2015
2025-04-09,Houston,36.9,33.7,2334
2025-04-09,Houston,36.9,33.7,2329
2025-04-09,New York,33.7,31.9,378493
2025-04-09,New York,33.7,31.9,379571
2025-04-09,New York,33.7,31.9,380058
2025-04-09,New York,33.7,31.9,379039
2025-04-09,New York,33.7,31.9,378493
2025-04-09,New York,33.7,31.9,373184
2025-04-09,New York,33.7,31.9,373841
2025-04-09,New York,33.7,31.9,374131
2025-04-09,New York,33.7,31.9,373521
2025-04-09,New York,33.7,31.9,373184
2025-04-09,New York,33.7,31.9,331699
2025-04-09,New York,33.7,31.9,333827
2025-04-09,New York,33.7,31.9,335166
2025-04-09,New York,33.7,31.9,332716
2025-04-09,New York,33.7,31.9,331699
2025-04-09,New York,33.7,31.9,-46794
2025-04-09,New York,33.7,31.9,-45744
2025-04-09,New York,33.7,31.9,-44892
2025-04-09,New York,33.7,31.9,-46323
2025-04-09,New York,33.7,31.9,-46794
2025-04-09,Phoenix,38.6,35.2,89086
2025-04-09,Phoenix,38.6,35.2,88878
2025-04-09,Phoenix,38.6,35.2,88646
2025-04-09,Phoenix,38.6,35.2,88965
2025-04-09,Phoenix,38.6,35.2,89086
2025-04-09,Phoenix,38.6,35.2,84618
2025-04-09,Phoenix,38.6,35.2,84371
2025-04-09,Phoenix,38.6,35.2,84212
2025-04-09,Phoenix,38.6,35.2,84510
2025-04-09,Phoenix,38.6,35.2,84618
2025-04-09,Phoenix,38.6,35.2,51753
2025-04-09,Phoenix,38.6,35.2,51785
2025-04-09,Phoenix,38.6,35.2,51986
2025-04-09,Phoenix,38.6,35.2,51781
2025-04-09,Phoenix,38.6,35.2,51753
2025-04-09,Phoenix,38.6,35.2,-37333
2025-04-09,Phoenix,38.6,35.2,-37093
2025-04-09,Phoenix,38.6,35.2,-36660
2025-04-09,Phoenix,38.6,35.2,-37184
2025-04-09,Phoenix,38.6,35.2,-37333
2025-04-09,Seattle,34.8,32.8,25089
2025-04-09,Seattle,34.8,32.8,25366
2025-04-09,Seattle,34.8,32.8,25508
2025-04-09,Seattle,34.8,32.8,25227
2025-04-09,Seattle,34.8,32.8,25089
2025-04-09,Seattle,34.8,32.8,24988
2025-04-09,Seattle,34.8,32.8,25065
2025-04-09,Seattle,34.8,32.8,25110
2025-04-09,Seattle,34.8,32.8,25027
2025-04-09,Seattle,34.8,32.8,24988
2025-04-09,Seattle,34.8,32.8,15907
2025-04-09,Seattle,34.8,32.8,15637
2025-04-09,Seattle,34.8,32.8,15580
2025-04-09,Seattle,34.8,32.8,15805
2025-04-09,Seattle,34.8,32.8,15907
2025-04-09,Seattle,34.8,32.8,-9182
2025-04-09,Seattle,34.8,32.8,-9729
2025-04-09,Seattle,34.8,32.8,-9928
2025-04-09,Seattle,34.8,32.8,-9422
2025-04-09,Seattle,34.8,32.8,-9182
2025-04-10,Chicago,33.1,32.6,2114956
2025-04-10,Chicago,33.1,32.6,2118647
2025-04-10,Chicago,33.1,32.6,2118948
2025-04-10,Chicago,33.1,32.6,2116927
2025-04-10,Chicago,33.1,32.6,2114956
2025-04-10,Chicago,33.1,32.6,2089718
2025-04-10,Chicago,33.1,32.6,2095903
2025-04-10,Chicago,33.1,32.6,2098521
2025-04-10,Chicago,33.1,32.6,2092951
2025-04-10,Chicago,33.1,32.6,2089718
2025-04-10,Chicago,33.1,32.6,2134715
2025-04-10,Chicago,33.1,32.6,2136298
2025-04-10,Chicago,33.1,32.6,2136744
2025-04-10,Chicago,33.1,32.6,2135631
2025-04-10,Chicago,33.1,32.6,2134715
2025-04-10,Chicago,33.1,32.6,19760
2025-04-10,Chicago,33.1,32.6,17653
2025-04-10,Chicago,33.1,32.6,17798
2025-04-10,Chicago,33.1,32.6,18705
2025-04-10,Chicago,33.1,32.6,19760
2025-04-10,Houston,37.5,34.4,1182950
2025-04-10,Houston,37.5,34.4,1178533
2025-04-10,Houston,37.5,34.4,1175895
2025-04-10,Houston,37.5,34.4,1180892
2025-04-10,Houston,37.5,34.4,1182950
2025-04-10,Houston,37.5,34.4,1206859
2025-04-10,Houston,37.5,34.4,1203209
2025-04-10,Houston,37.5,34.4,1200558
2025-04-10,Houston,37.5,34.4,1205235
2025-04-10,Houston,37.5,34.4,1206859
2025-04-10,Houston,37.5,34.4,1183258
2025-04-10,Houston,37.5,34.4,1178921
2025-04-10,Houston,37.5,34.4,1176404
2025-04-10,Houston,37.5,34.4,1181208
2025-04-10,Houston,37.5,34.4,1183258
2025-04-10,Houston,37.5,34.4,316
2025-04-10,Houston,37.5,34.4,398
2025-04-10,Houston,37.5,34.4,518
2025-04-10,Houston,37.5,34.4,326
2025-04-10,Houston,37.5,34.4,316
2025-04-10,New York,33.9,32.8,390853
2025-04-10,New York,33.9,32.8,391543
2025-04-10,New York,33.9,32.8,391883
2025-04-10,New York,33.9,32.8,391218
2025-04-10,New York,33.9,32.8,390853
2025-04-10,New York,33.9,32.8,384566
2025-04-10,New York,33.9,32.8,385412
2025-04-10,New York,33.9,32.8,385788
2025-04-10,New York,33.9,32.8,385005
2025-04-10,New York,33.9,32.8,384566
2025-04-10,New York,33.9,32.8,340920
2025-04-10,New York,33.9,32.8,339916
2025-04-10,New York,33.9,32.8,339783
2025-04-10,New York,33.9,32.8,340235
2025-04-10,New York,33.9,32.8,340920
2025-04-10,New York,33.9,32.8,-49933
2025-04-10,New York,33.9,32.8,-51627
2025-04-10,New York,33.9,32.8,-52100
2025-04-10,New York,33.9,32.8,-50983
2025-04-10,New York,33.9,32.8,-49933
2025-04-10,Phoenix,38.8,35.6,93534
2025-04-10,Phoenix,38.8,35.6,93055
2025-04-10,Phoenix,38.8,35.6,92601
2025-04-10,Phoenix,38.8,35.6,93399
2025-04-10,Phoenix,38.8,35.6,93534
2025-04-10,Phoenix,38.8,35.6,89873
2025-04-10,Phoenix,38.8,35.6,89600
2025-04-10,Phoenix,38.8,35.6,89426
2025-04-10,Phoenix,38.8,35.6,89742
2025-04-10,Phoenix,38.8,35.6,89873
2025-04-10,Phoenix,38.8,35.6,54165
2025-04-10,Phoenix,38.8,35.6,54049
2025-04-10,Phoenix,38.8,35.6,53947
2025-04-10,Phoenix,38.8,35.6,54165
2025-04-10,Phoenix,38.8,35.6,54165
2025-04-10,Phoenix,38.8,35.6,-39369
2025-04-10,Phoenix,38.8,35.6,-39006
2025-04-10,Phoenix,38.8,35.6,-38654
2025-04-10,Phoenix,38.8,35.6,-39234
2025-04-10,Phoenix,38.8,35.6,-39369
2025-04-10,Seattle,34.7,33.4,24347
2025-04-10,Seattle,34.7,33.4,24269
2025-04-10,Seattle,34.7,33.4,24248
2025-04-10,Seattle,34.7,33.4,24310
2025-04-10,Seattle,34.7,33.4,24347
2025-04-10,Seattle,34.7,33.4,24151
2025-04-10,Seattle,34.7,33.4,24119
2025-04-10,Seattle,34.7,33.4,24108
2025-04-10,Seattle,34.7,33.4,24127
2025-04-10,Seattle,34.7,33.4,24151
2025-04-10,Seattle,34.7,33.4,18347
2025-04-10,Seattle,34.7,33.4,18609
2025-04-10,Seattle,34.7,33.4,18634
2025-04-10,Seattle,34.7,33.4,18476
2025-04-10,Seattle,34.7,33.4,18347
2025-04-10,Seattle,34.7,33.4,-6000
2025-04-10,Seattle,34.7,33.4,-5660
2025-04-10,Seattle,34.7,33.4,-5614
2025-04-10,Seattle,34.7,33.4,-5834
2025-04-10,Seattle,34.7,33.4,-6000
2025-04-11,Chicago,34.0,32.1,2143687
2025-04-11,Chicago,34.0,32.1,2142866
2025-04-11,Chicago,34.0,32.1,2142915
2025-04-11,Chicago,34.0,32.1,2143381
2025-04-11,Chicago,34.0,32.1,2143687
2025-04-11,Chicago,34.0,32.1,2078012
2025-04-11,Chicago,34.0,32.1,2077187
2025-04-11,Chicago,34.0,32.1,2076346
2025-04-11,Chicago,34.0,32.1,2077769
2025-04-11,Chicago,34.0,32.1,2078012
2025-04-11,Chicago,34.0,32.1,2143588
2025-04-11,Chicago,34.0,32.1,2144665
2025-04-11,Chicago,34.0,32.1,2144251
2025-04-11,Chicago,34.0,32.1,2144387
2025-04-11,Chicago,34.0,32.1,2143588
2025-04-11,Chicago,34.0,32.1,-99
2025-04-11,Chicago,34.0,32.1,1798
2025-04-11,Chicago,34.0,32.1,1335
2025-04-11,Chicago,34.0,32.1,1006
2025-04-11,Chicago,34.0,32.1,-99
2025-04-11,Houston,37.6,34.9,1190729
2025-04-11,Houston,37.6,34.9,1190306
2025-04-11,Houston,37.6,34.9,1190342
2025-04-11,Houston,37.6,34.9,1190623
2025-04-11,Houston,37.6,34.9,1190729
2025-04-11,Houston,37.6,34.9,1192654
2025-04-11,Houston,37.6,34.9,1193446
2025-04-11,Houston,37.6,34.9,1194256
2025-04-11,Houston,37.6,34.9,1193057
2025-04-11,Houston,37.6,34.9,1192654
2025-04-11,Houston,37.6,34.9,1191657
2025-04-11,Houston,37.6,34.9,1191500
2025-04-11,Houston,37.6,34.9,1191475
2025-04-11,Houston,37.6,34.9,1191633
2025-04-11,Houston,37.6,34.9,1191657
2025-04-11,Houston,37.6,34.9,928
2025-04-11,Houston,37.6,34.9,1194
2025-04-11,Houston,37.6,34.9,1133
2025-04-11,Houston,37.6,34.9,1010
2025-04-11,Houston,37.6,34.9,928
2025-04-11,New York,33.4,32.8,392043
2025-04-11,New York,33.4,32.8,391881
2025-04-11,New York,33.4,32.8,391914
2025-04-11,New York,33.4,32.8,391944
2025-04-11,New York,33.4,32.8,392043
2025-04-11,New York,33.4,32.8,378646
2025-04-11,New York,33.4,32.8,379131
2025-04-11,New York,33.4,32.8,379390
2025-04-11,New York,33.4,32.8,378893
2025-04-11,New York,33.4,32.8,378646
2025-04-11,New York,33.4,32.8,341290
2025-04-11,New York,33.4,32.8,343512
2025-04-11,New York,33.4,32.8,344693
2025-04-11,New York,33.4,32.8,342480
2025-04-11,New York,33.4,32.8,341290
2025-04-11,New York,33.4,32.8,-50753
2025-04-11,New York,33.4,32.8,-48369
2025-04-11,New York,33.4,32.8,-47221
2025-04-11,New York,33.4,32.8,-49464
2025-04-11,New York,33.4,32.8,-50753
2025-04-11,Phoenix,39.1,35.7,94095
2025-04-11,Phoenix,39.1,35.7,94318
2025-04-11,Phoenix,39.1,35.7,94688
2025-04-11,Phoenix,39.1,35.7,94172
2025-04-11,Phoenix,39.1,35.7,94095
2025-04-11,Phoenix,39.1,35.7,94030
2025-04-11,Phoenix,39.1,35.7,93674
2025-04-11,Phoenix,39.1,35.7,93528
2025-04-11,Phoenix,39.1,35.7,93845
2025-04-11,Phoenix,39.1,35.7,94030
2025-04-11,Phoenix,39.1,35.7,52819
2025-04-11,Phoenix,39.1,35.7,53204
2025-04-11,Phoenix,39.1,35.7,53464
2025-04-11,Phoenix,39.1,35.7,52939
2025-04-11,Phoenix,39.1,35.7,52819
2025-04-11,Phoenix,39.1,35.7,-41276
2025-04-11,Phoenix,39.1,35.7,-41114
2025-04-11,Phoenix,39.1,35.7,-41224
2025-04-11,Phoenix,39.1,35.7,-41233
2025-04-11,Phoenix,39.1,35.7,-41276
2025-04-11,Seattle,34.3,33.0,25404
2025-04-11,Seattle,34.3,33.0,25314
2025-04-11,Seattle,34.3,33.0,25287
2025-04-11,Seattle,34.3,33.0,25351
2025-04-11,Seattle,34.3,33.0,25404
2025-04-11,Seattle,34.3,33.0,24642
2025-04-11,Seattle,34.3,33.0,24620
2025-04-11,Seattle,34.3,33.0,24635
2025-04-11,Seattle,34.3,33.0,24628
2025-04-11,Seattle,34.3,33.0,24642
2025-04-11,Seattle,34.3,33.0,15563
2025-04-11,Seattle,34.3,33.0,15433
2025-04-11,Seattle,34.3,33.0,15413
2025-04-11,Seattle,34.3,33.0,15594
2025-04-11,Seattle,34.3,33.0,15563
2025-04-11,Seattle,34.3,33.0,-9841
2025-04-11,Seattle,34.3,33.0,-9881
2025-04-11,Seattle,34.3,33.0,-9874
2025-04-11,Seattle,34.3,33.0,-9757
2025-04-11,Seattle,34.3,33.0,-9841
2025-04-12,Chicago,35.0,32.4,2008125
2025-04-12,Chicago,35.0,32.4,2015334
2025-04-12,Chicago,35.0,32.4,2018611
2025-04-12,Chicago,35.0,32.4,2011674
2025-04-12,Chicago,35.0,32.4,2008125
2025-04-12,Chicago,35.0,32.4,1957423
2025-04-12,Chicago,35.0,32.4,1962857
2025-04-12,Chicago,35.0,32.4,1965936
2025-04-12,Chicago,35.0,32.4,1960048
2025-04-12,Chicago,35.0,32.4,1957423
2025-04-12,Chicago,35.0,32.4,1995173
2025-04-12,Chicago,35.0,32.4,2000746
2025-04-12,Chicago,35.0,32.4,2004302
2025-04-12,Chicago,35.0,32.4,1997515
2025-04-12,Chicago,35.0,32.4,1995173
2025-04-12,Chicago,35.0,32.4,-12950
2025-04-12,Chicago,35.0,32.4,-14586
2025-04-12,Chicago,35.0,32.4,-14307
2025-04-12,Chicago,35.0,32.4,-14157
2025-04-12,Chicago,35.0,32.4,-12950
2025-04-12,Houston,37.4,34.3,1168415
2025-04-12,Houston,37.4,34.3,1166309
2025-04-12,Houston,37.4,34.3,1165595
2025-04-12,Houston,37.4,34.3,1167186
2025-04-12,Houston,37.4,34.3,1168415
2025-04-12,Houston,37.4,34.3,1158772
2025-04-12,Houston,37.4,34.3,1153126
2025-04-12,Houston,37.4,34.3,1153194
2025-04-12,Houston,37.4,34.3,1155680
2025-04-12,Houston,37.4,34.3,1158772
2025-04-12,Houston,37.4,34.3,1168492
2025-04-12,Houston,37.4,34.3,1165982
2025-04-12,Houston,37.4,34.3,1165168
2025-04-12,Houston,37.4,34.3,1167081
2025-04-12,Houston,37.4,34.3,1168492
2025-04-12,Houston,37.4,34.3,83
2025-04-12,Houston,37.4,34.3,-321
2025-04-12,Houston,37.4,34.3,-420
2025-04-12,Houston,37.4,34.3,-99
2025-04-12,Houston,37.4,34.3,83
2025-04-12,New York,32.8,32.4,381141
2025-04-12,New York,32.8,32.4,381244
2025-04-12,New York,32.8,32.4,381150
2025-04-12,New York,32.8,32.4,381226
2025-04-12,New York,32.8,32.4,381141
2025-04-12,New York,32.8,32.4,359031
2025-04-12,New York,32.8,32.4,358675
2025-04-12,New York,32.8,32.4,358453
2025-04-12,New York,32.8,32.4,358872
2025-04-12,New York,32.8,32.4,359031
2025-04-12,New York,32.8,32.4,313656
2025-04-12,New York,32.8,32.4,313205
2025-04-12,New York,32.8,32.4,312541
2025-04-12,New York,32.8,32.4,313553
2025-04-12,New York,32.8,32.4,313656
2025-04-12,New York,32.8,32.4,-67485
2025-04-12,New York,32.8,32.4,-68039
2025-04-12,New York,32.8,32.4,-68609
2025-04-12,New York,32.8,32.4,-67673
2025-04-12,New York,32.8,32.4,-67485
2025-04-12,Phoenix,38.7,35.6,90705
2025-04-12,Phoenix,38.7,35.6,90890
2025-04-12,Phoenix,38.7,35.6,91085
2025-04-12,Phoenix,38.7,35.6,90723
2025-04-12,Phoenix,38.7,35.6,90705
2025-04-12,Phoenix,38.7,35.6,90882
2025-04-12,Phoenix,38.7,35.6,90950
2025-04-12,Phoenix,38.7,35.6,90918
2025-04-12,Phoenix,38.7,35.6,90990
2025-04-12,Phoenix,38.7,35.6,90882
2025-04-12,Phoenix,38.7,35.6,51830
2025-04-12,Phoenix,38.7,35.6,51608
2025-04-12,Phoenix,38.7,35.6,51275
2025-04-12,Phoenix,38.7,35.6,51725
2025-04-12,Phoenix,38.7,35.6,51830
2025-04-12,Phoenix,38.7,35.6,-38875
2025-04-12,Phoenix,38.7,35.6,-39282
2025-04-12,Phoenix,38.7,35.6,-39810
2025-04-12,Phoenix,38.7,35.6,-38998
2025-04-12,Phoenix,38.7,35.6,-38875
2025-04-12,Seattle,34.3,32.9,24347
2025-04-12,Seattle,34.3,32.9,24365
2025-04-12,Seattle,34.3,32.9,24389
2025-04-12,Seattle,34.3,32.9,24345
2025-04-12,Seattle,34.3,32.9,24347
2025-04-12,Seattle,34.3,32.9,23908
2025-04-12,Seattle,34.3,32.9,23866
2025-04-12,Seattle,34.3,32.9,23850
2025-04-12,Seattle,34.3,32.9,23887
2025-04-12,Seattle,34.3,32.9,23908
2025-04-12,Seattle,34.3,32.9,16085
2025-04-12,Seattle,34.3,32.9,15661
2025-04-12,Seattle,34.3,32.9,15659
2025-04-12,Seattle,34.3,32.9,15790
2025-04-12,Seattle,34.3,32.9,16085
2025-04-12,Seattle,34.3,32.9,-8262
2025-04-12,Seattle,34.3,32.9,-8704
2025-04-12,Seattle,34.3,32.9,-8730
2025-04-12,Seattle,34.3,32.9,-8555
2025-04-12,Seattle,34.3,32.9,-8262
2025-04-13,Chicago,35.2,34.0,1886871
2025-04-13,Chicago,35.2,34.0,1892240
2025-04-13,Chicago,35.2,34.0,1895585
2025-04-13,Chicago,35.2,34.0,1889490
2025-04-13,Chicago,35.2,34.0,1886871
2025-04-13,Chicago,35.2,34.0,1867632
2025-04-13,Chicago,35.2,34.0,1874616
2025-04-13,Chicago,35.2,34.0,1878679
2025-04-13,Chicago,35.2,34.0,1870865
2025-04-13,Chicago,35.2,34.0,1867632
2025-04-13,Chicago,35.2,34.0,1918696
2025-04-13,Chicago,35.2,34.0,1925020
2025-04-13,Chicago,35.2,34.0,1928799
2025-04-13,Chicago,35.2,34.0,1921818
2025-04-13,Chicago,35.2,34.0,1918696
2025-04-13,Chicago,35.2,34.0,31826
2025-04-13,Chicago,35.2,34.0,32780
2025-04-13,Chicago,35.2,34.0,33213
2025-04-13,Chicago,35.2,34.0,32329
2025-04-13,Chicago,35.2,34.0,31826
2025-04-13,Houston,37.6,35.5,1221823
2025-04-13,Houston,37.6,35.5,1219633
2025-04-13,Houston,37.6,35.5,1217949
2025-04-13,Houston,37.6,35.5,1220876
2025-04-13,Houston,37.6,35.5,1221823
2025-04-13,Houston,37.6,35.5,1249694
2025-04-13,Houston,37.6,35.5,1250756
2025-04-13,Houston,37.6,35.5,1247010
2025-04-13,Houston,37.6,35.5,1250476
2025-04-13,Houston,37.6,35.5,1249694
2025-04-13,Houston,37.6,35.5,1224746
2025-04-13,Houston,37.6,35.5,1222446
2025-04-13,Houston,37.6,35.5,1220789
2025-04-13,Houston,37.6,35.5,1223719
2025-04-13,Houston,37.6,35.5,1224746
2025-04-13,Houston,37.6,35.5,2923
2025-04-13,Houston,37.6,35.5,2813
2025-04-13,Houston,37.6,35.5,2839
2025-04-13,Houston,37.6,35.5,2843
2025-04-13,Houston,37.6,35.5,2923
2025-04-13,New York,34.6,32.7,339094
2025-04-13,New York,34.6,32.7,340668
2025-04-13,New York,34.6,32.7,341598
2025-04-13,New York,34.6,32.7,339833
2025-04-13,New York,34.6,32.7,339094
2025-04-13,New York,34.6,32.7,338495
2025-04-13,New York,34.6,32.7,339745
2025-04-13,New York,34.6,32.7,340512
2025-04-13,New York,34.6,32.7,339059
2025-04-13,New York,34.6,32.7,338495
2025-04-13,New York,34.6,32.7,289152
2025-04-13,New York,34.6,32.7,291210
2025-04-13,New York,34.6,32.7,292365
2025-04-13,New York,34.6,32.7,290001
2025-04-13,New York,34.6,32.7,289152
2025-04-13,New York,34.6,32.7,-49942
2025-04-13,New York,34.6,32.7,-49458
2025-04-13,New York,34.6,32.7,-49233
2025-04-13,New York,34.6,32.7,-49832
2025-04-13,New York,34.6,32.7,-49942
2025-04-13,Phoenix,38.2,35.7,86606
2025-04-13,Phoenix,38.2,35.7,86871
2025-04-13,Phoenix,38.2,35.7,86985
2025-04-13,Phoenix,38.2,35.7,86772
2025-04-13,Phoenix,38.2,35.7,86606
2025-04-13,Phoenix,38.2,35.7,87400
2025-04-13,Phoenix,38.2,35.7,87487
2025-04-13,Phoenix,38.2,35.7,87622
2025-04-13,Phoenix,38.2,35.7,87422
2025-04-13,Phoenix,38.2,35.7,87400
2025-04-13,Phoenix,38.2,35.7,47122
2025-04-13,Phoenix,38.2,35.7,47610
2025-04-13,Phoenix,38.2,35.7,48346
2025-04-13,Phoenix,38.2,35.7,47319
2025-04-13,Phoenix,38.2,35.7,47122
2025-04-13,Phoenix,38.2,35.7,-39484
2025-04-13,Phoenix,38.2,35.7,-39261
2025-04-13,Phoenix,38.2,35.7,-38639
2025-04-13,Phoenix,38.2,35.7,-39453
2025-04-13,Phoenix,38.2,35.7,-39484
2025-04-13,Seattle,34.9,32.5,24076
2025-04-13,Seattle,34.9,32.5,24118
2025-04-13,Seattle,34.9,32.5,24111
2025-04-13,Seattle,34.9,32.5,24108
2025-04-13,Seattle,34.9,32.5,24076
2025-04-13,Seattle,34.9,32.5,23325
2025-04-13,Seattle,34.9,32.5,23407
2025-04-13,Seattle,34.9,32.5,23414
2025-04-13,Seattle,34.9,32.5,23373
2025-04-13,Seattle,34.9,32.5,23325
2025-04-13,Seattle,34.9,32.5,16822
2025-04-13,Seattle,34.9,32.5,16964
2025-04-13,Seattle,34.9,32.5,16839
2025-04-13,Seattle,34.9,32.5,16858
2025-04-13,Seattle,34.9,32.5,16822
2025-04-13,Seattle,34.9,32.5,-7254
2025-04-13,Seattle,34.9,32.5,-7154
2025-04-13,Seattle,34.9,32.5,-7272
2025-04-13,Seattle,34.9,32.5,-7250
2025-04-13,Seattle,34.9,32.5,-7254
2025-04-14,Chicago,35.2,33.6,1973686
2025-04-14,Chicago,35.2,33.6,1976451
2025-04-14,Chicago,35.2,33.6,1977394
2025-04-14,Chicago,35.2,33.6,1975338
2025-04-14,Chicago,35.2,33.6,1973686
2025-04-14,Chicago,35.2,33.6,1955837
2025-04-14,Chicago,35.2,33.6,1959353
2025-04-14,Chicago,35.2,33.6,1960218
2025-04-14,Chicago,35.2,33.6,1957894
2025-04-14,Chicago,35.2,33.6,1955837
2025-04-14,Chicago,35.2,33.6,1998750
2025-04-14,Chicago,35.2,33.6,1999341
2025-04-14,Chicago,35.2,33.6,1998585
2025-04-14,Chicago,35.2,33.6,1999498
2025-04-14,Chicago,35.2,33.6,1998750
2025-04-14,Chicago,35.2,33.6,25062
2025-04-14,Chicago,35.2,33.6,22889
2025-04-14,Chicago,35.2,33.6,21191
2025-04-14,Chicago,35.2,33.6,24158
2025-04-14,Chicago,35.2,33.6,25062
2025-04-14,Houston,37.5,35.8,1271438
2025-04-14,Houston,37.5,35.8,1272661
2025-04-14,Houston,37.5,35.8,1272858
2025-04-14,Houston,37.5,35.8,1272049
2025-04-14,Houston,37.5,35.8,1271438
2025-04-14,Houston,37.5,35.8,1278750
2025-04-14,Houston,37.5,35.8,1279355
2025-04-14,Houston,37.5,35.8,1280633
2025-04-14,Houston,37.5,35.8,1279166
2025-04-14,Houston,37.5,35.8,1278750
2025-04-14,Houston,37.5,35.8,1271798
2025-04-14,Houston,37.5,35.8,1273295
2025-04-14,Houston,37.5,35.8,1273610
2025-04-14,Houston,37.5,35.8,1272593
2025-04-14,Houston,37.5,35.8,1271798
2025-04-14,Houston,37.5,35.8,371
2025-04-14,Houston,37.5,35.8,643
2025-04-14,Houston,37.5,35.8,761
2025-04-14,Houston,37.5,35.8,554
2025-04-14,Houston,37.5,35.8,371
2025-04-14,New York,35.4,33.6,352605
2025-04-14,New York,35.4,33.6,353278
2025-04-14,New York,35.4,33.6,353510
2025-04-14,New York,35.4,33.6,352970
2025-04-14,New York,35.4,33.6,352605
2025-04-14,New York,35.4,33.6,352672
2025-04-14,New York,35.4,33.6,353258
2025-04-14,New York,35.4,33.6,353449
2025-04-14,New York,35.4,33.6,352994
2025-04-14,New York,35.4,33.6,352672
2025-04-14,New York,35.4,33.6,304962
2025-04-14,New York,35.4,33.6,303274
2025-04-14,New York,35.4,33.6,302262
2025-04-14,New York,35.4,33.6,304168
2025-04-14,New York,35.4,33.6,304962
2025-04-14,New York,35.4,33.6,-47643
2025-04-14,New York,35.4,33.6,-50004
2025-04-14,New York,35.4,33.6,-51248
2025-04-14,New York,35.4,33.6,-48802
2025-04-14,New York,35.4,33.6,-47643
2025-04-14,Phoenix,38.1,35.7,91614
2025-04-14,Phoenix,38.1,35.7,91456
2025-04-14,Phoenix,38.1,35.7,91225
2025-04-14,Phoenix,38.1,35.7,91529
2025-04-14,Phoenix,38.1,35.7,91614
2025-04-14,Phoenix,38.1,35.7,90981
2025-04-14,Phoenix,38.1,35.7,91053
2025-04-14,Phoenix,38.1,35.7,91066
2025-04-14,Phoenix,38.1,35.7,90952
2025-04-14,Phoenix,38.1,35.7,90981
2025-04-14,Phoenix,38.1,35.7,44003
2025-04-14,Phoenix,38.1,35.7,43821
2025-04-14,Phoenix,38.1,35.7,43776
2025-04-14,Phoenix,38.1,35.7,43936
2025-04-14,Phoenix,38.1,35.7,44003
2025-04-14,Phoenix,38.1,35.7,-47611
2025-04-14,Phoenix,38.1,35.7,-47635
2025-04-14,Phoenix,38.1,35.7,-47449
2025-04-14,Phoenix,38.1,35.7,-47593
2025-04-14,Phoenix,38.1,35.7,-47611
2025-04-14,Seattle,35.5,33.1,24877
2025-04-14,Seattle,35.5,33.1,24934
2025-04-14,Seattle,35.5,33.1,24949
2025-04-14,Seattle,35.5,33.1,24913
2025-04-14,Seattle,35.5,33.1,24877
2025-04-14,Seattle,35.5,33.1,24838
2025-04-14,Seattle,35.5,33.1,24847
2025-04-14,Seattle,35.5,33.1,24845
2025-04-14,Seattle,35.5,33.1,24844
2025-04-14,Seattle,35.5,33.1,24838
2025-04-14,Seattle,35.5,33.1,16586
2025-04-14,Seattle,35.5,33.1,17088
2025-04-14,Seattle,35.5,33.1,17405
2025-04-14,Seattle,35.5,33.1,16830
2025-04-14,Seattle,35.5,33.1,16586
2025-04-14,Seattle,35.5,33.1,-8291
2025-04-14,Seattle,35.5,33.1,-7846
2025-04-14,Seattle,35.5,33.1,-7544
2025-04-14,Seattle,35.5,33.1,-8083
2025-04-14,Seattle,35.5,33.1,-8291
2025-04-15,Chicago,34.4,32.6,1979987
2025-04-15,Chicago,34.4,32.6,1971985
2025-04-15,Chicago,34.4,32.6,1969038
2025-04-15,Chicago,34.4,32.6,1975621
2025-04-15,Chicago,34.4,32.6,1979987
2025-04-15,Chicago,34.4,32.6,1970910
2025-04-15,Chicago,34.4,32.6,1963156
2025-04-15,Chicago,34.4,32.6,1960075
2025-04-15,Chicago,34.4,32.6,1966802
2025-04-15,Chicago,34.4,32.6,1970910
2025-04-15,Chicago,34.4,32.6,1983533
2025-04-15,Chicago,34.4,32.6,1978488
2025-04-15,Chicago,34.4,32.6,1976730
2025-04-15,Chicago,34.4,32.6,1981024
2025-04-15,Chicago,34.4,32.6,1983533
2025-04-15,Chicago,34.4,32.6,3547
2025-04-15,Chicago,34.4,32.6,6503
2025-04-15,Chicago,34.4,32.6,7692
2025-04-15,Chicago,34.4,32.6,5403
2025-04-15,Chicago,34.4,32.6,3547
2025-04-15,Houston,37.1,35.0,1174237
2025-04-15,Houston,37.1,35.0,1178319
2025-04-15,Houston,37.1,35.0,1181414
2025-04-15,Houston,37.1,35.0,1175929
2025-04-15,Houston,37.1,35.0,1174237
2025-04-15,Houston,37.1,35.0,1205173
2025-04-15,Houston,37.1,35.0,1207414
2025-04-15,Houston,37.1,35.0,1209286
2025-04-15,Houston,37.1,35.0,1206068
2025-04-15,Houston,37.1,35.0,1205173
2025-04-15,Houston,37.1,35.0,1174329
2025-04-15,Houston,37.1,35.0,1178788
2025-04-15,Houston,37.1,35.0,1182033
2025-04-15,Houston,37.1,35.0,1176223
2025-04-15,Houston,37.1,35.0,1174329
2025-04-15,Houston,37.1,35.0,93
2025-04-15,Houston,37.1,35.0,471
2025-04-15,Houston,37.1,35.0,622
2025-04-15,Houston,37.1,35.0,295
2025-04-15,Houston,37.1,35.0,93
2025-04-15,New York,35.7,33.6,359103
2025-04-15,New York,35.7,33.6,358038
2025-04-15,New York,35.7,33.6,357518
2025-04-15,New York,35.7,33.6,358562
2025-04-15,New York,35.7,33.6,359103
2025-04-15,New York,35.7,33.6,354803
2025-04-15,New York,35.7,33.6,354232
2025-04-15,New York,35.7,33.6,354041
2025-04-15,New York,35.7,33.6,354498
2025-04-15,New York,35.7,33.6,354803
2025-04-15,New York,35.7,33.6,332484
2025-04-15,New York,35.7,33.6,330403
2025-04-15,New York,35.7,33.6,329784
2025-04-15,New York,35.7,33.6,331330
2025-04-15,New York,35.7,33.6,332484
2025-04-15,New York,35.7,33.6,-26619
2025-04-15,New York,35.7,33.6,-27635
2025-04-15,New York,35.7,33.6,-27734
2025-04-15,New York,35.7,33.6,-27232
2025-04-15,New York,35.7,33.6,-26619
2025-04-15,Phoenix,38.2,35.5,93311
2025-04-15,Phoenix,38.2,35.5,92719
2025-04-15,Phoenix,38.2,35.5,92218
2025-04-15,Phoenix,38.2,35.5,93053
2025-04-15,Phoenix,38.2,35.5,93311
2025-04-15,Phoenix,38.2,35.5,89373
2025-04-15,Phoenix,38.2,35.5,89600
2025-04-15,Phoenix,38.2,35.5,89715
2025-04-15,Phoenix,38.2,35.5,89479
2025-04-15,Phoenix,38.2,35.5,89373
2025-04-15,Phoenix,38.2,35.5,52433
2025-04-15,Phoenix,38.2,35.5,52257
2025-04-15,Phoenix,38.2,35.5,51942
2025-04-15,Phoenix,38.2,35.5,52369
2025-04-15,Phoenix,38.2,35.5,52433
2025-04-15,Phoenix,38.2,35.5,-40878
2025-04-15,Phoenix,38.2,35.5,-40462
2025-04-15,Phoenix,38.2,35.5,-40276
2025-04-15,Phoenix,38.2,35.5,-40684
2025-04-15,Phoenix,38.2,35.5,-40878
2025-04-15,Seattle,35.4,33.4,24264
2025-04-15,Seattle,35.4,33.4,24275
2025-04-15,Seattle,35.4,33.4,24292
2025-04-15,Seattle,35.4,33.4,24264
2025-04-15,Seattle,35.4,33.4,24264
2025-04-15,Seattle,35.4,33.4,23806
2025-04-15,Seattle,35.4,33.4,23859
2025-04-15,Seattle,35.4,33.4,23888
2025-04-15,Seattle,35.4,33.4,23832
2025-04-15,Seattle,35.4,33.4,23806
2025-04-15,Seattle,35.4,33.4,16969
2025-04-15,Seattle,35.4,33.4,16977
2025-04-15,Seattle,35.4,33.4,17007
2025-04-15,Seattle,35.4,33.4,16987
2025-04-15,Seattle,35.4,33.4,16969
2025-04-15,Seattle,35.4,33.4,-7295
2025-04-15,Seattle,35.4,33.4,-7298
2025-04-15,Seattle,35.4,33.4,-7285
2025-04-15,Seattle,35.4,33.4,-7277
2025-04-15,Seattle,35.4,33.4,-7295
2025-04-16,Chicago,33.9,32.3,2017088
2025-04-16,Chicago,33.9,32.3,2015251
2025-04-16,Chicago,33.9,32.3,2013551
2025-04-16,Chicago,33.9,32.3,2016102
2025-04-16,Chicago,33.9,32.3,2017088
2025-04-16,Chicago,33.9,32.3,2012480
2025-04-16,Chicago,33.9,32.3,2006471
2025-04-16,Chicago,33.9,32.3,2004033
2025-04-16,Chicago,33.9,32.3,2009322
2025-04-16,Chicago,33.9,32.3,2012480
2025-04-16,Chicago,33.9,32.3,2026192
2025-04-16,Chicago,33.9,32.3,2020076
2025-04-16,Chicago,33.9,32.3,2017700
2025-04-16,Chicago,33.9,32.3,2022693
2025-04-16,Chicago,33.9,32.3,2026192
2025-04-16,Chicago,33.9,32.3,9103
2025-04-16,Chicago,33.9,32.3,4825
2025-04-16,Chicago,33.9,32.3,4149
2025-04-16,Chicago,33.9,32.3,6591
2025-04-16,Chicago,33.9,32.3,9103
2025-04-16,Houston,37.1,35.0,1223818
2025-04-16,Houston,37.1,35.0,1218437
2025-04-16,Houston,37.1,35.0,1215278
2025-04-16,Houston,37.1,35.0,1221374
2025-04-16,Houston,37.1,35.0,1223818
2025-04-16,Houston,37.1,35.0,1225857
2025-04-16,Houston,37.1,35.0,1224216
2025-04-16,Houston,37.1,35.0,1222525
2025-04-16,Houston,37.1,35.0,1225025
2025-04-16,Houston,37.1,35.0,1225857
2025-04-16,Houston,37.1,35.0,1222527
2025-04-16,Houston,37.1,35.0,1217102
2025-04-16,Houston,37.1,35.0,1213886
2025-04-16,Houston,37.1,35.0,1220048
2025-04-16,Houston,37.1,35.0,1222527
2025-04-16,Houston,37.1,35.0,-1283
2025-04-16,Houston,37.1,35.0,-1327
2025-04-16,Houston,37.1,35.0,-1385
2025-04-16,Houston,37.1,35.0,-1318
2025-04-16,Houston,37.1,35.0,-1283
2025-04-16,New York,33.8,33.2,383841
2025-04-16,New York,33.8,33.2,382836
2025-04-16,New York,33.8,33.2,382310
2025-04-16,New York,33.8,33.2,383349
2025-04-16,New York,33.8,33.2,383841
2025-04-16,New York,33.8,33.2,365455
2025-04-16,New York,33.8,33.2,364602
2025-04-16,New York,33.8,33.2,364123
2025-04-16,New York,33.8,33.2,365040
2025-04-16,New York,33.8,33.2,365455
2025-04-16,New York,33.8,33.2,341234
2025-04-16,New York,33.8,33.2,340825
2025-04-16,New York,33.8,33.2,340648
2025-04-16,New York,33.8,33.2,341176
2025-04-16,New York,33.8,33.2,341234
2025-04-16,New York,33.8,33.2,-42607
2025-04-16,New York,33.8,33.2,-42011
2025-04-16,New York,33.8,33.2,-41662
2025-04-16,New York,33.8,33.2,-42173
2025-04-16,New York,33.8,33.2,-42607
2025-04-16,Phoenix,38.3,35.4,89815
2025-04-16,Phoenix,38.3,35.4,90571
2025-04-16,Phoenix,38.3,35.4,91102
2025-04-16,Phoenix,38.3,35.4,90178
2025-04-16,Phoenix,38.3,35.4,89815
2025-04-16,Phoenix,38.3,35.4,86485
2025-04-16,Phoenix,38.3,35.4,86477
2025-04-16,Phoenix,38.3,35.4,86549
2025-04-16,Phoenix,38.3,35.4,86472
2025-04-16,Phoenix,38.3,35.4,86485
2025-04-16,Phoenix,38.3,35.4,55201
2025-04-16,Phoenix,38.3,35.4,54866
2025-04-16,Phoenix,38.3,35.4,54121
2025-04-16,Phoenix,38.3,35.4,55164
2025-04-16,Phoenix,38.3,35.4,55201
2025-04-16,Phoenix,38.3,35.4,-34614
2025-04-16,Phoenix,38.3,35.4,-35705
2025-04-16,Phoenix,38.3,35.4,-36981
2025-04-16,Phoenix,38.3,35.4,-35014
2025-04-16,Phoenix,38.3,35.4,-34614
2025-04-16,Seattle,34.9,33.3,22975
2025-04-16,Seattle,34.9,33.3,23073
2025-04-16,Seattle,34.9,33.3,23112
2025-04-16,Seattle,34.9,33.3,23023
2025-04-16,Seattle,34.9,33.3,22975
2025-04-16,Seattle,34.9,33.3,23497
2025-04-16,Seattle,34.9,33.3,23493
2025-04-16,Seattle,34.9,33.3,23493
2025-04-16,Seattle,34.9,33.3,23495
2025-04-16,Seattle,34.9,33.3,23497
2025-04-16,Seattle,34.9,33.3,17385
2025-04-16,Seattle,34.9,33.3,17016
2025-04-16,Seattle,34.9,33.3,16778
2025-04-16,Seattle,34.9,33.3,17201
2025-04-16,Seattle,34.9,33.3,17385
2025-04-16,Seattle,34.9,33.3,-5590
2025-04-16,Seattle,34.9,33.3,-6057
2025-04-16,Seattle,34.9,33.3,-6334
2025-04-16,Seattle,34.9,33.3,-5822
2025-04-16,Seattle,34.9,33.3,-5590
2025-04-17,Chicago,35.2,32.7,1976909
2025-04-17,Chicago,35.2,32.7,1984899
2025-04-17,Chicago,35.2,32.7,1988774
2025-04-17,Chicago,35.2,32.7,1981075
2025-04-17,Chicago,35.2,32.7,1976909
2025-04-17,Chicago,35.2,32.7,1986458
2025-04-17,Chicago,35.2,32.7,1994348
2025-04-17,Chicago,35.2,32.7,1997485
2025-04-17,Chicago,35.2,32.7,1990560
2025-04-17,Chicago,35.2,32.7,1986458
2025-04-17,Chicago,35.2,32.7,2017392
2025-04-17,Chicago,35.2,32.7,2022674
2025-04-17,Chicago,35.2,32.7,2026164
2025-04-17,Chicago,35.2,32.7,2019534
2025-04-17,Chicago,35.2,32.7,2017392
2025-04-17,Chicago,35.2,32.7,40485
2025-04-17,Chicago,35.2,32.7,37777
2025-04-17,Chicago,35.2,32.7,37391
2025-04-17,Chicago,35.2,32.7,38461
2025-04-17,Chicago,35.2,32.7,40485
2025-04-17,Houston,37.5,35.7,1272816
2025-04-17,Houston,37.5,35.7,1269757
2025-04-17,Houston,37.5,35.7,1268273
2025-04-17,Houston,37.5,35.7,1271316
2025-04-17,Houston,37.5,35.7,1272816
2025-04-17,Houston,37.5,35.7,1263414
2025-04-17,Houston,37.5,35.7,1258187
2025-04-17,Houston,37.5,35.7,1257433
2025-04-17,Houston,37.5,35.7,1260843
2025-04-17,Houston,37.5,35.7,1263414
2025-04-17,Houston,37.5,35.7,1270312
2025-04-17,Houston,37.5,35.7,1267150
2025-04-17,Houston,37.5,35.7,1265596
2025-04-17,Houston,37.5,35.7,1268761
2025-04-17,Houston,37.5,35.7,1270312
2025-04-17,Houston,37.5,35.7,-2492
2025-04-17,Houston,37.5,35.7,-2594
2025-04-17,Houston,37.5,35.7,-2664
2025-04-17,Houston,37.5,35.7,-2542
2025-04-17,Houston,37.5,35.7,-2492
2025-04-17,New York,35.2,33.0,345024
2025-04-17,New York,35.2,33.0,346226
2025-04-17,New York,35.2,33.0,346878
2025-04-17,New York,35.2,33.0,345612
2025-04-17,New York,35.2,33.0,345024
2025-04-17,New York,35.2,33.0,338767
2025-04-17,New York,35.2,33.0,339280
2025-04-17,New York,35.2,33.0,339500
2025-04-17,New York,35.2,33.0,339044
2025-04-17,New York,35.2,33.0,338767
2025-04-17,New York,35.2,33.0,303405
2025-04-17,New York,35.2,33.0,306565
2025-04-17,New York,35.2,33.0,307914
2025-04-17,New York,35.2,33.0,304864
2025-04-17,New York,35.2,33.0,303405
2025-04-17,New York,35.2,33.0,-41619
2025-04-17,New York,35.2,33.0,-39661
2025-04-17,New York,35.2,33.0,-38964
2025-04-17,New York,35.2,33.0,-40748
2025-04-17,New York,35.2,33.0,-41619
2025-04-17,Phoenix,37.0,35.2,80434
2025-04-17,Phoenix,37.0,35.2,80775
2025-04-17,Phoenix,37.0,35.2,81072
2025-04-17,Phoenix,37.0,35.2,80556
2025-04-17,Phoenix,37.0,35.2,80434
2025-04-17,Phoenix,37.0,35.2,78498
2025-04-17,Phoenix,37.0,35.2,79228
2025-04-17,Phoenix,37.0,35.2,79705
2025-04-17,Phoenix,37.0,35.2,78831
2025-04-17,Phoenix,37.0,35.2,78498
2025-04-17,Phoenix,37.0,35.2,53298
2025-04-17,Phoenix,37.0,35.2,53782
2025-04-17,Phoenix,37.0,35.2,54040
2025-04-17,Phoenix,37.0,35.2,53454
2025-04-17,Phoenix,37.0,35.2,53298
2025-04-17,Phoenix,37.0,35.2,-27136
2025-04-17,Phoenix,37.0,35.2,-26993
2025-04-17,Phoenix,37.0,35.2,-27032
2025-04-17,Phoenix,37.0,35.2,-27102
2025-04-17,Phoenix,37.0,35.2,-27136
2025-04-17,Seattle,35.3,33.1,23060
2025-04-17,Seattle,35.3,33.1,23079
2025-04-17,Seattle,35.3,33.1,23091
2025-04-17,Seattle,35.3,33.1,23065
2025-04-17,Seattle,35.3,33.1,23060
2025-04-17,Seattle,35.3,33.1,23606
2025-04-17,Seattle,35.3,33.1,23609
2025-04-17,Seattle,35.3,33.1,23619
2025-04-17,Seattle,35.3,33.1,23602
2025-04-17,Seattle,35.3,33.1,23606
2025-04-17,Seattle,35.3,33.1,19735
2025-04-17,Seattle,35.3,33.1,19668
2025-04-17,Seattle,35.3,33.1,19585
2025-04-17,Seattle,35.3,33.1,19746
2025-04-17,Seattle,35.3,33.1,19735
2025-04-17,Seattle,35.3,33.1,-3325
2025-04-17,Seattle,35.3,33.1,-3411
2025-04-17,Seattle,35.3,33.1,-3506
2025-04-17,Seattle,35.3,33.1,-3319
2025-04-17,Seattle,35.3,33.1,-3325
2025-04-18,Chicago,36.4,34.8,1900789
2025-04-18,Chicago,36.4,34.8,1907138
2025-04-18,Chicago,36.4,34.8,1908963
2025-04-18,Chicago,36.4,34.8,1904267
2025-04-18,Chicago,36.4,34.8,1900789
2025-04-18,Chicago,36.4,34.8,1924555
2025-04-18,Chicago,36.4,34.8,1934593
2025-04-18,Chicago,36.4,34.8,1938153
2025-04-18,Chicago,36.4,34.8,1930060
2025-04-18,Chicago,36.4,34.8,1924555
2025-04-18,Chicago,36.4,34.8,1996913
2025-04-18,Chicago,36.4,34.8,2004299
2025-04-18,Chicago,36.4,34.8,2004530
2025-04-18,Chicago,36.4,34.8,2001384
2025-04-18,Chicago,36.4,34.8,1996913
2025-04-18,Chicago,36.4,34.8,96122
2025-04-18,Chicago,36.4,34.8,97160
2025-04-18,Chicago,36.4,34.8,95567
2025-04-18,Chicago,36.4,34.8,97116
2025-04-18,Chicago,36.4,34.8,96122
2025-04-18,Houston,37.7,36.2,1287137
2025-04-18,Houston,37.7,36.2,1283826
2025-04-18,Houston,37.7,36.2,1282488
2025-04-18,Houston,37.7,36.2,1285446
2025-04-18,Houston,37.7,36.2,1287137
2025-04-18,Houston,37.7,36.2,1310984
2025-04-18,Houston,37.7,36.2,1307293
2025-04-18,Houston,37.7,36.2,1304177
2025-04-18,Houston,37.7,36.2,1309148
2025-04-18,Houston,37.7,36.2,1310984
2025-04-18,Houston,37.7,36.2,1286385
2025-04-18,Houston,37.7,36.2,1283176
2025-04-18,Houston,37.7,36.2,1281920
2025-04-18,Houston,37.7,36.2,1284744
2025-04-18,Houston,37.7,36.2,1286385
2025-04-18,Houston,37.7,36.2,-744
2025-04-18,Houston,37.7,36.2,-643
2025-04-18,Houston,37.7,36.2,-561
2025-04-18,Houston,37.7,36.2,-694
2025-04-18,Houston,37.7,36.2,-744
2025-04-18,New York,35.6,33.6,342717
2025-04-18,New York,35.6,33.6,343932
2025-04-18,New York,35.6,33.6,344463
2025-04-18,New York,35.6,33.6,343362
2025-04-18,New York,35.6,33.6,342717
2025-04-18,New York,35.6,33.6,335070
2025-04-18,New York,35.6,33.6,336773
2025-04-18,New York,35.6,33.6,337593
2025-04-18,New York,35.6,33.6,335924
2025-04-18,New York,35.6,33.6,335070
2025-04-18,New York,35.6,33.6,298622
2025-04-18,New York,35.6,33.6,297156
2025-04-18,New York,35.6,33.6,296729
2025-04-18,New York,35.6,33.6,297992
2025-04-18,New York,35.6,33.6,298622
2025-04-18,New York,35.6,33.6,-44095
2025-04-18,New York,35.6,33.6,-46776
2025-04-18,New York,35.6,33.6,-47734
2025-04-18,New York,35.6,33.6,-45370
2025-04-18,New York,35.6,33.6,-44095
2025-04-18,Phoenix,36.7,34.1,82099
2025-04-18,Phoenix,36.7,34.1,82046
2025-04-18,Phoenix,36.7,34.1,82027
2025-04-18,Phoenix,36.7,34.1,82110
2025-04-18,Phoenix,36.7,34.1,82099
2025-04-18,Phoenix,36.7,34.1,74866
2025-04-18,Phoenix,36.7,34.1,74797
2025-04-18,Phoenix,36.7,34.1,74921
2025-04-18,Phoenix,36.7,34.1,74771
2025-04-18,Phoenix,36.7,34.1,74866
2025-04-18,Phoenix,36.7,34.1,46744
2025-04-18,Phoenix,36.7,34.1,47427
2025-04-18,Phoenix,36.7,34.1,47814
2025-04-18,Phoenix,36.7,34.1,47166
2025-04-18,Phoenix,36.7,34.1,46744
2025-04-18,Phoenix,36.7,34.1,-35355
2025-04-18,Phoenix,36.7,34.1,-34619
2025-04-18,Phoenix,36.7,34.1,-34213
2025-04-18,Phoenix,36.7,34.1,-34944
2025-04-18,Phoenix,36.7,34.1,-35355
2025-04-18,Seattle,35.9,33.1,23362
2025-04-18,Seattle,35.9,33.1,23307
2025-04-18,Seattle,35.9,33.1,23316
2025-04-18,Seattle,35.9,33.1,23338
2025-04-18,Seattle,35.9,33.1,23362
2025-04-18,Seattle,35.9,33.1,23177
2025-04-18,Seattle,35.9,33.1,23206
2025-04-18,Seattle,35.9,33.1,23246
2025-04-18,Seattle,35.9,33.1,23188
2025-04-18,Seattle,35.9,33.1,23177
2025-04-18,Seattle,35.9,33.1,19083
2025-04-18,Seattle,35.9,33.1,19199
2025-04-18,Seattle,35.9,33.1,19328
2025-04-18,Seattle,35.9,33.1,19119
2025-04-18,Seattle,35.9,33.1,19083
2025-04-18,Seattle,35.9,33.1,-4279
2025-04-18,Seattle,35.9,33.1,-4108
2025-04-18,Seattle,35.9,33.1,-3988
2025-04-18,Seattle,35.9,33.1,-4219
2025-04-18,Seattle,35.9,33.1,-4279
2025-04-19,Chicago,34.8,33.2,1859100
2025-04-19,Chicago,34.8,33.2,1860381
2025-04-19,Chicago,34.8,33.2,1860314
2025-04-19,Chicago,34.8,33.2,1859942
2025-04-19,Chicago,34.8,33.2,1859100
2025-04-19,Chicago,34.8,33.2,1866504
2025-04-19,Chicago,34.8,33.2,1866987
2025-04-19,Chicago,34.8,33.2,1866940
2025-04-19,Chicago,34.8,33.2,1866933
2025-04-19,Chicago,34.8,33.2,1866504
2025-04-19,Chicago,34.8,33.2,1907844
2025-04-19,Chicago,34.8,33.2,1911693
2025-04-19,Chicago,34.8,33.2,1913124
2025-04-19,Chicago,34.8,33.2,1910071
2025-04-19,Chicago,34.8,33.2,1907844
2025-04-19,Chicago,34.8,33.2,48742
2025-04-19,Chicago,34.8,33.2,51310
2025-04-19,Chicago,34.8,33.2,52808
2025-04-19,Chicago,34.8,33.2,50127
2025-04-19,Chicago,34.8,33.2,48742
2025-04-19,Houston,37.2,36.2,1201797
2025-04-19,Houston,37.2,36.2,1206502
2025-04-19,Houston,37.2,36.2,1209716
2025-04-19,Houston,37.2,36.2,1204062
2025-04-19,Houston,37.2,36.2,1201797
2025-04-19,Houston,37.2,36.2,1242052
2025-04-19,Houston,37.2,36.2,1246521
2025-04-19,Houston,37.2,36.2,1250085
2025-04-19,Houston,37.2,36.2,1243984
2025-04-19,Houston,37.2,36.2,1242052
2025-04-19,Houston,37.2,36.2,1200299
2025-04-19,Houston,37.2,36.2,1204957
2025-04-19,Houston,37.2,36.2,1208096
2025-04-19,Houston,37.2,36.2,1202564
2025-04-19,Houston,37.2,36.2,1200299
2025-04-19,Houston,37.2,36.2,-1488
2025-04-19,Houston,37.2,36.2,-1534
2025-04-19,Houston,37.2,36.2,-1609
2025-04-19,Houston,37.2,36.2,-1488
2025-04-19,Houston,37.2,36.2,-1488
2025-04-19,New York,37.3,34.2,339863
2025-04-19,New York,37.3,34.2,339286
2025-04-19,New York,37.3,34.2,338963
2025-04-19,New York,37.3,34.2,339591
2025-04-19,New York,37.3,34.2,339863
2025-04-19,New York,37.3,34.2,331125
2025-04-19,New York,37.3,34.2,330349
2025-04-19,New York,37.3,34.2,329810
2025-04-19,New York,37.3,34.2,330800
2025-04-19,New York,37.3,34.2,331125
2025-04-19,New York,37.3,34.2,308176
2025-04-19,New York,37.3,34.2,308236
2025-04-19,New York,37.3,34.2,308033
2025-04-19,New York,37.3,34.2,308103
2025-04-19,New York,37.3,34.2,308176
2025-04-19,New York,37.3,34.2,-31687
2025-04-19,New York,37.3,34.2,-31050
2025-04-19,New York,37.3,34.2,-30930
2025-04-19,New York,37.3,34.2,-31488
2025-04-19,New York,37.3,34.2,-31687
2025-04-19,Phoenix,36.3,34.2,75082
2025-04-19,Phoenix,36.3,34.2,75621
2025-04-19,Phoenix,36.3,34.2,76009
2025-04-19,Phoenix,36.3,34.2,75234
2025-04-19,Phoenix,36.3,34.2,75082
2025-04-19,Phoenix,36.3,34.2,71016
2025-04-19,Phoenix,36.3,34.2,71164
2025-04-19,Phoenix,36.3,34.2,71204
2025-04-19,Phoenix,36.3,34.2,71062
2025-04-19,Phoenix,36.3,34.2,71016
2025-04-19,Phoenix,36.3,34.2,38722
2025-04-19,Phoenix,36.3,34.2,39135
2025-04-19,Phoenix,36.3,34.2,39436
2025-04-19,Phoenix,36.3,34.2,38746
2025-04-19,Phoenix,36.3,34.2,38722
2025-04-19,Phoenix,36.3,34.2,-36360
2025-04-19,Phoenix,36.3,34.2,-36486
2025-04-19,Phoenix,36.3,34.2,-36573
2025-04-19,Phoenix,36.3,34.2,-36488
2025-04-19,Phoenix,36.3,34.2,-36360
2025-04-19,Seattle,34.7,33.5,22180
2025-04-19,Seattle,34.7,33.5,22168
2025-04-19,Seattle,34.7,33.5,22151
2025-04-19,Seattle,34.7,33.5,22179
2025-04-19,Seattle,34.7,33.5,22180
2025-04-19,Seattle,34.7,33.5,21421
2025-04-19,Seattle,34.7,33.5,21409
2025-04-19,Seattle,34.7,33.5,21410
2025-04-19,Seattle,34.7,33.5,21415
2025-04-19,Seattle,34.7,33.5,21421
2025-04-19,Seattle,34.7,33.5,15372
2025-04-19,Seattle,34.7,33.5,15447
2025-04-19,Seattle,34.7,33.5,15483
2025-04-19,Seattle,34.7,33.5,15411
2025-04-19,Seattle,34.7,33.5,15372
2025-04-19,Seattle,34.7,33.5,-6808
2025-04-19,Seattle,34.7,33.5,-6721
2025-04-19,Seattle,34.7,33.5,-6668
2025-04-19,Seattle,34.7,33.5,-6768
2025-04-19,Seattle,34.7,33.5,-6808
2025-04-20,Chicago,34.7,33.3,1778229
2025-04-20,Chicago,34.7,33.3,1781497
2025-04-20,Chicago,34.7,33.3,1784171
2025-04-20,Chicago,34.7,33.3,1779675
2025-04-20,Chicago,34.7,33.3,1778229
2025-04-20,Chicago,34.7,33.3,1806551
2025-04-20,Chicago,34.7,33.3,1806429
2025-04-20,Chicago,34.7,33.3,1807591
2025-04-20,Chicago,34.7,33.3,1806017
2025-04-20,Chicago,34.7,33.3,1806551
2025-04-20,Chicago,34.7,33.3,1871927
2025-04-20,Chicago,34.7,33.3,1871529
2025-04-20,Chicago,34.7,33.3,1873052
2025-04-20,Chicago,34.7,33.3,1871316
2025-04-20,Chicago,34.7,33.3,1871927
2025-04-20,Chicago,34.7,33.3,93695
2025-04-20,Chicago,34.7,33.3,90027
2025-04-20,Chicago,34.7,33.3,88876
2025-04-20,Chicago,34.7,33.3,91637
2025-04-20,Chicago,34.7,33.3,93695
2025-04-20,Houston,37.5,36.2,1156174
2025-04-20,Houston,37.5,36.2,1164313
2025-04-20,Houston,37.5,36.2,1167853
2025-04-20,Houston,37.5,36.2,1160109
2025-04-20,Houston,37.5,36.2,1156174
2025-04-20,Houston,37.5,36.2,1167010
2025-04-20,Houston,37.5,36.2,1173325
2025-04-20,Houston,37.5,36.2,1176288
2025-04-20,Houston,37.5,36.2,1170273
2025-04-20,Houston,37.5,36.2,1167010
2025-04-20,Houston,37.5,36.2,1152804
2025-04-20,Houston,37.5,36.2,1160824
2025-04-20,Houston,37.5,36.2,1164507
2025-04-20,Houston,37.5,36.2,1156624
2025-04-20,Houston,37.5,36.2,1152804
2025-04-20,Houston,37.5,36.2,-3360
2025-04-20,Houston,37.5,36.2,-3480
2025-04-20,Houston,37.5,36.2,-3336
2025-04-20,Houston,37.5,36.2,-3476
2025-04-20,Houston,37.5,36.2,-3360
2025-04-20,New York,36.1,34.3,308781
2025-04-20,New York,36.1,34.3,309551
2025-04-20,New York,36.1,34.3,310102
2025-04-20,New York,36.1,34.3,309102
2025-04-20,New York,36.1,34.3,308781
2025-04-20,New York,36.1,34.3,303034
2025-04-20,New York,36.1,34.3,303588
2025-04-20,New York,36.1,34.3,304185
2025-04-20,New York,36.1,34.3,303205
2025-04-20,New York,36.1,34.3,303034
2025-04-20,New York,36.1,34.3,270945
2025-04-20,New York,36.1,34.3,273140
2025-04-20,New York,36.1,34.3,274416
2025-04-20,New York,36.1,34.3,272087
2025-04-20,New York,36.1,34.3,270945
2025-04-20,New York,36.1,34.3,-37836
2025-04-20,New York,36.1,34.3,-36411
2025-04-20,New York,36.1,34.3,-35686
2025-04-20,New York,36.1,34.3,-37015
2025-04-20,New York,36.1,34.3,-37836
2025-04-20,Phoenix,37.2,34.6,77575
2025-04-20,Phoenix,37.2,34.6,77454
2025-04-20,Phoenix,37.2,34.6,77334
2025-04-20,Phoenix,37.2,34.6,77603
2025-04-20,Phoenix,37.2,34.6,77575
2025-04-20,Phoenix,37.2,34.6,69965
2025-04-20,Phoenix,37.2,34.6,70439
2025-04-20,Phoenix,37.2,34.6,70414
2025-04-20,Phoenix,37.2,34.6,70347
2025-04-20,Phoenix,37.2,34.6,69965
2025-04-20,Phoenix,37.2,34.6,40400
2025-04-20,Phoenix,37.2,34.6,40310
2025-04-20,Phoenix,37.2,34.6,40213
2025-04-20,Phoenix,37.2,34.6,40344
2025-04-20,Phoenix,37.2,34.6,40400
2025-04-20,Phoenix,37.2,34.6,-37175
2025-04-20,Phoenix,37.2,34.6,-37144
2025-04-20,Phoenix,37.2,34.6,-37121
2025-04-20,Phoenix,37.2,34.6,-37259
2025-04-20,Phoenix,37.2,34.6,-37175
2025-04-20,Seattle,34.6,33.3,22896
2025-04-20,Seattle,34.6,33.3,22875
2025-04-20,Seattle,34.6,33.3,22852
2025-04-20,Seattle,34.6,33.3,22880
2025-04-20,Seattle,34.6,33.3,22896
2025-04-20,Seattle,34.6,33.3,22595
2025-04-20,Seattle,34.6,33.3,22538
2025-04-20,Seattle,34.6,33.3,22461
2025-04-20,Seattle,34.6,33.3,22578
2025-04-20,Seattle,34.6,33.3,22595
2025-04-20,Seattle,34.6,33.3,15340
2025-04-20,Seattle,34.6,33.3,15342
2025-04-20,Seattle,34.6,33.3,15310
2025-04-20,Seattle,34.6,33.3,15357
2025-04-20,Seattle,34.6,33.3,15340
2025-04-20,Seattle,34.6,33.3,-7556
2025-04-20,Seattle,34.6,33.3,-7533
2025-04-20,Seattle,34.6,33.3,-7542
2025-04-20,Seattle,34.6,33.3,-7523
2025-04-20,Seattle,34.6,33.3,-7556
2025-04-21,Chicago,34.9,33.3,1954729
2025-04-21,Chicago,34.9,33.3,1947254
2025-04-21,Chicago,34.9,33.3,1944658
2025-04-21,Chicago,34.9,33.3,1951008
2025-04-21,Chicago,34.9,33.3,1954729
2025-04-21,Chicago,34.9,33.3,1942467
2025-04-21,Chicago,34.9,33.3,1940266
2025-04-21,Chicago,34.9,33.3,1938994
2025-04-21,Chicago,34.9,33.3,1941446
2025-04-21,Chicago,34.9,33.3,1942467
2025-04-21,Chicago,34.9,33.3,2020455
2025-04-21,Chicago,34.9,33.3,2019712
2025-04-21,Chicago,34.9,33.3,2018898
2025-04-21,Chicago,34.9,33.3,2020339
2025-04-21,Chicago,34.9,33.3,2020455
2025-04-21,Chicago,34.9,33.3,65720
2025-04-21,Chicago,34.9,33.3,72454
2025-04-21,Chicago,34.9,33.3,74235
2025-04-21,Chicago,34.9,33.3,69326
2025-04-21,Chicago,34.9,33.3,65720
2025-04-21,Houston,37.4,35.8,1207627
2025-04-21,Houston,37.4,35.8,1203414
2025-04-21,Houston,37.4,35.8,1200622
2025-04-21,Houston,37.4,35.8,1205672
2025-04-21,Houston,37.4,35.8,1207627
2025-04-21,Houston,37.4,35.8,1222526
2025-04-21,Houston,37.4,35.8,1219232
2025-04-21,Houston,37.4,35.8,1217586
2025-04-21,Houston,37.4,35.8,1221059
2025-04-21,Houston,37.4,35.8,1222526
2025-04-21,Houston,37.4,35.8,1206075
2025-04-21,Houston,37.4,35.8,1202150
2025-04-21,Houston,37.4,35.8,1199377
2025-04-21,Houston,37.4,35.8,1204305
2025-04-21,Houston,37.4,35.8,1206075
2025-04-21,Houston,37.4,35.8,-1546
2025-04-21,Houston,37.4,35.8,-1257
2025-04-21,Houston,37.4,35.8,-1238
2025-04-21,Houston,37.4,35.8,-1360
2025-04-21,Houston,37.4,35.8,-1546
2025-04-21,New York,34.5,33.8,360073
2025-04-21,New York,34.5,33.8,359672
2025-04-21,New York,34.5,33.8,359352
2025-04-21,New York,34.5,33.8,359903
2025-04-21,New York,34.5,33.8,360073
2025-04-21,New York,34.5,33.8,344657
2025-04-21,New York,34.5,33.8,344699
2025-04-21,New York,34.5,33.8,344613
2025-04-21,New York,34.5,33.8,344706
2025-04-21,New York,34.5,33.8,344657
2025-04-21,New York,34.5,33.8,318843
2025-04-21,New York,34.5,33.8,316086
2025-04-21,New York,34.5,33.8,314572
2025-04-21,New York,34.5,33.8,317499
2025-04-21,New York,34.5,33.8,318843
2025-04-21,New York,34.5,33.8,-41230
2025-04-21,New York,34.5,33.8,-43586
2025-04-21,New York,34.5,33.8,-44780
2025-04-21,New York,34.5,33.8,-42404
2025-04-21,New York,34.5,33.8,-41230
2025-04-21,Phoenix,37.9,35.1,83202
2025-04-21,Phoenix,37.9,35.1,83372
2025-04-21,Phoenix,37.9,35.1,83187
2025-04-21,Phoenix,37.9,35.1,83383
2025-04-21,Phoenix,37.9,35.1,83202
2025-04-21,Phoenix,37.9,35.1,78344
2025-04-21,Phoenix,37.9,35.1,77777
2025-04-21,Phoenix,37.9,35.1,77460
2025-04-21,Phoenix,37.9,35.1,78029
2025-04-21,Phoenix,37.9,35.1,78344
2025-04-21,Phoenix,37.9,35.1,42926
2025-04-21,Phoenix,37.9,35.1,42059
2025-04-21,Phoenix,37.9,35.1,41574
2025-04-21,Phoenix,37.9,35.1,42629
2025-04-21,Phoenix,37.9,35.1,42926
2025-04-21,Phoenix,37.9,35.1,-40276
2025-04-21,Phoenix,37.9,35.1,-41313
2025-04-21,Phoenix,37.9,35.1,-41613
2025-04-21,Phoenix,37.9,35.1,-40754
2025-04-21,Phoenix,37.9,35.1,-40276
2025-04-21,Seattle,34.5,33.1,25441
2025-04-21,Seattle,34.5,33.1,25349
2025-04-21,Seattle,34.5,33.1,25282
2025-04-21,Seattle,34.5,33.1,25405
2025-04-21,Seattle,34.5,33.1,25441
2025-04-21,Seattle,34.5,33.1,25275
2025-04-21,Seattle,34.5,33.1,25199
2025-04-21,Seattle,34.5,33.1,25158
2025-04-21,Seattle,34.5,33.1,25235
2025-04-21,Seattle,34.5,33.1,25275
2025-04-21,Seattle,34.5,33.1,15729
2025-04-21,Seattle,34.5,33.1,15803
2025-04-21,Seattle,34.5,33.1,15862
2025-04-21,Seattle,34.5,33.1,15713
2025-04-21,Seattle,34.5,33.1,15729
2025-04-21,Seattle,34.5,33.1,-9712
2025-04-21,Seattle,34.5,33.1,-9546
2025-04-21,Seattle,34.5,33.1,-9420
2025-04-21,Seattle,34.5,33.1,-9692
2025-04-21,Seattle,34.5,33.1,-9712
2025-04-22,Chicago,36.2,32.9,1972440
2025-04-22,Chicago,36.2,32.9,1973312
2025-04-22,Chicago,36.2,32.9,1972644
2025-04-22,Chicago,36.2,32.9,1973015
2025-04-22,Chicago,36.2,32.9,1972440
2025-04-22,Chicago,36.2,32.9,1962527
2025-04-22,Chicago,36.2,32.9,1961323
2025-04-22,Chicago,36.2,32.9,1960511
2025-04-22,Chicago,36.2,32.9,1962018
2025-04-22,Chicago,36.2,32.9,1962527
2025-04-22,Chicago,36.2,32.9,1985487
2025-04-22,Chicago,36.2,32.9,1981405
2025-04-22,Chicago,36.2,32.9,1980216
2025-04-22,Chicago,36.2,32.9,1983447
2025-04-22,Chicago,36.2,32.9,1985487
2025-04-22,Chicago,36.2,32.9,13048
2025-04-22,Chicago,36.2,32.9,8092
2025-04-22,Chicago,36.2,32.9,7572
2025-04-22,Chicago,36.2,32.9,10431
2025-04-22,Chicago,36.2,32.9,13048
2025-04-22,Houston,37.5,35.5,1285560
2025-04-22,Houston,37.5,35.5,1280596
2025-04-22,Houston,37.5,35.5,1277673
2025-04-22,Houston,37.5,35.5,1283225
2025-04-22,Houston,37.5,35.5,1285560
2025-04-22,Houston,37.5,35.5,1268057
2025-04-22,Houston,37.5,35.5,1264101
2025-04-22,Houston,37.5,35.5,1261583
2025-04-22,Houston,37.5,35.5,1266231
2025-04-22,Houston,37.5,35.5,1268057
2025-04-22,Houston,37.5,35.5,1282454
2025-04-22,Houston,37.5,35.5,1277430
2025-04-22,Houston,37.5,35.5,1274491
2025-04-22,Houston,37.5,35.5,1280080
2025-04-22,Houston,37.5,35.5,1282454
2025-04-22,Houston,37.5,35.5,-3100
2025-04-22,Houston,37.5,35.5,-3160
2025-04-22,Houston,37.5,35.5,-3176
2025-04-22,Houston,37.5,35.5,-3139
2025-04-22,Houston,37.5,35.5,-3100
2025-04-22,New York,37.0,34.1,349802
2025-04-22,New York,37.0,34.1,349763
2025-04-22,New York,37.0,34.1,349718
2025-04-22,New York,37.0,34.1,349787
2025-04-22,New York,37.0,34.1,349802
2025-04-22,New York,37.0,34.1,335238
2025-04-22,New York,37.0,34.1,335000
2025-04-22,New York,37.0,34.1,334838
2025-04-22,New York,37.0,34.1,335134
2025-04-22,New York,37.0,34.1,335238
2025-04-22,New York,37.0,34.1,323186
2025-04-22,New York,37.0,34.1,324454
2025-04-22,New York,37.0,34.1,324438
2025-04-22,New York,37.0,34.1,324093
2025-04-22,New York,37.0,34.1,323186
2025-04-22,New York,37.0,34.1,-26616
2025-04-22,New York,37.0,34.1,-25309
2025-04-22,New York,37.0,34.1,-25280
2025-04-22,New York,37.0,34.1,-25694
2025-04-22,New York,37.0,34.1,-26616
2025-04-22,Phoenix,38.3,35.2,82373
2025-04-22,Phoenix,38.3,35.2,82146
2025-04-22,Phoenix,38.3,35.2,82119
2025-04-22,Phoenix,38.3,35.2,82231
2025-04-22,Phoenix,38.3,35.2,82373
2025-04-22,Phoenix,38.3,35.2,82646
2025-04-22,Phoenix,38.3,35.2,82418
2025-04-22,Phoenix,38.3,35.2,82416
2025-04-22,Phoenix,38.3,35.2,82499
2025-04-22,Phoenix,38.3,35.2,82646
2025-04-22,Phoenix,38.3,35.2,49870
2025-04-22,Phoenix,38.3,35.2,49577
2025-04-22,Phoenix,38.3,35.2,49748
2025-04-22,Phoenix,38.3,35.2,49728
2025-04-22,Phoenix,38.3,35.2,49870
2025-04-22,Phoenix,38.3,35.2,-32503
2025-04-22,Phoenix,38.3,35.2,-32569
2025-04-22,Phoenix,38.3,35.2,-32371
2025-04-22,Phoenix,38.3,35.2,-32503
2025-04-22,Phoenix,38.3,35.2,-32503
2025-04-22,Seattle,34.8,32.8,24942
2025-04-22,Seattle,34.8,32.8,24947
2025-04-22,Seattle,34.8,32.8,24964
2025-04-22,Seattle,34.8,32.8,24937
2025-04-22,Seattle,34.8,32.8,24942
2025-04-22,Seattle,34.8,32.8,24393
2025-04-22,Seattle,34.8,32.8,24437
2025-04-22,Seattle,34.8,32.8,24468
2025-04-22,Seattle,34.8,32.8,24413
2025-04-22,Seattle,34.8,32.8,24393
2025-04-22,Seattle,34.8,32.8,14922
2025-04-22,Seattle,34.8,32.8,15017
2025-04-22,Seattle,34.8,32.8,15001
2025-04-22,Seattle,34.8,32.8,15005
2025-04-22,Seattle,34.8,32.8,14922
2025-04-22,Seattle,34.8,32.8,-10020
2025-04-22,Seattle,34.8,32.8,-9930
2025-04-22,Seattle,34.8,32.8,-9963
2025-04-22,Seattle,34.8,32.8,-9932
2025-04-22,Seattle,34.8,32.8,-10020
2025-04-23,Chicago,36.4,34.4,1965444
2025-04-23,Chicago,36.4,34.4,1966137
2025-04-23,Chicago,36.4,34.4,1966554
2025-04-23,Chicago,36.4,34.4,1965657
2025-04-23,Chicago,36.4,34.4,1965444
2025-04-23,Chicago,36.4,34.4,1940555
2025-04-23,Chicago,36.4,34.4,1941994
2025-04-23,Chicago,36.4,34.4,1942673
2025-04-23,Chicago,36.4,34.4,1941311
2025-04-23,Chicago,36.4,34.4,1940555
2025-04-23,Chicago,36.4,34.4,2001023
2025-04-23,Chicago,36.4,34.4,2006025
2025-04-23,Chicago,36.4,34.4,2006595
2025-04-23,Chicago,36.4,34.4,2003818
2025-04-23,Chicago,36.4,34.4,2001023
2025-04-23,Chicago,36.4,34.4,35576
2025-04-23,Chicago,36.4,34.4,39887
2025-04-23,Chicago,36.4,34.4,40041
2025-04-23,Chicago,36.4,34.4,38160
2025-04-23,Chicago,36.4,34.4,35576
2025-04-23,Houston,36.5,35.7,1247638
2025-04-23,Houston,36.5,35.7,1249686
2025-04-23,Houston,36.5,35.7,1251724
2025-04-23,Houston,36.5,35.7,1248399
2025-04-23,Houston,36.5,35.7,1247638
2025-04-23,Houston,36.5,35.7,1261210
2025-04-23,Houston,36.5,35.7,1263477
2025-04-23,Houston,36.5,35.7,1264739
2025-04-23,Houston,36.5,35.7,1262218
2025-04-23,Houston,36.5,35.7,1261210
2025-04-23,Houston,36.5,35.7,1245668
2025-04-23,Houston,36.5,35.7,1247654
2025-04-23,Houston,36.5,35.7,1249658
2025-04-23,Houston,36.5,35.7,1246398
2025-04-23,Houston,36.5,35.7,1245668
2025-04-23,Houston,36.5,35.7,-1961
2025-04-23,Houston,36.5,35.7,-2023
2025-04-23,Houston,36.5,35.7,-2058
2025-04-23,Houston,36.5,35.7,-1992
2025-04-23,Houston,36.5,35.7,-1961
2025-04-23,New York,36.4,34.2,339599
2025-04-23,New York,36.4,34.2,339988
2025-04-23,New York,36.4,34.2,340232
2025-04-23,New York,36.4,34.2,339780
2025-04-23,New York,36.4,34.2,339599
2025-04-23,New York,36.4,34.2,330823
2025-04-23,New York,36.4,34.2,331044
2025-04-23,New York,36.4,34.2,331135
2025-04-23,New York,36.4,34.2,330934
2025-04-23,New York,36.4,34.2,330823
2025-04-23,New York,36.4,34.2,304017
2025-04-23,New York,36.4,34.2,304510
2025-04-23,New York,36.4,34.2,305604
2025-04-23,New York,36.4,34.2,303793
2025-04-23,New York,36.4,34.2,304017
2025-04-23,New York,36.4,34.2,-35582
2025-04-23,New York,36.4,34.2,-35478
2025-04-23,New York,36.4,34.2,-34628
2025-04-23,New York,36.4,34.2,-35987
2025-04-23,New York,36.4,34.2,-35582
2025-04-23,Phoenix,37.9,35.4,82526
2025-04-23,Phoenix,37.9,35.4,82292
2025-04-23,Phoenix,37.9,35.4,82078
2025-04-23,Phoenix,37.9,35.4,82443
2025-04-23,Phoenix,37.9,35.4,82526
2025-04-23,Phoenix,37.9,35.4,85070
2025-04-23,Phoenix,37.9,35.4,84927
2025-04-23,Phoenix,37.9,35.4,84762
2025-04-23,Phoenix,37.9,35.4,85053
2025-04-23,Phoenix,37.9,35.4,85070
2025-04-23,Phoenix,37.9,35.4,47996
2025-04-23,Phoenix,37.9,35.4,48027
2025-04-23,Phoenix,37.9,35.4,47826
2025-04-23,Phoenix,37.9,35.4,48194
2025-04-23,Phoenix,37.9,35.4,47996
2025-04-23,Phoenix,37.9,35.4,-34530
2025-04-23,Phoenix,37.9,35.4,-34265
2025-04-23,Phoenix,37.9,35.4,-34252
2025-04-23,Phoenix,37.9,35.4,-34249
2025-04-23,Phoenix,37.9,35.4,-34530
2025-04-23,Seattle,35.4,33.1,23675
2025-04-23,Seattle,35.4,33.1,23831
2025-04-23,Seattle,35.4,33.1,23904
2025-04-23,Seattle,35.4,33.1,23756
2025-04-23,Seattle,35.4,33.1,23675
2025-04-23,Seattle,35.4,33.1,24083
2025-04-23,Seattle,35.4,33.1,24131
2025-04-23,Seattle,35.4,33.1,24154
2025-04-23,Seattle,35.4,33.1,24110
2025-04-23,Seattle,35.4,33.1,24083
2025-04-23,Seattle,35.4,33.1,14160
2025-04-23,Seattle,35.4,33.1,14321
2025-04-23,Seattle,35.4,33.1,14532
2025-04-23,Seattle,35.4,33.1,14229
2025-04-23,Seattle,35.4,33.1,14160
2025-04-23,Seattle,35.4,33.1,-9515
2025-04-23,Seattle,35.4,33.1,-9510
2025-04-23,Seattle,35.4,33.1,-9372
2025-04-23,Seattle,35.4,33.1,-9527
2025-04-23,Seattle,35.4,33.1,-9515
2025-04-24,Chicago,36.3,33.9,1991453
2025-04-24,Chicago,36.3,33.9,1990303
2025-04-24,Chicago,36.3,33.9,1989232
2025-04-24,Chicago,36.3,33.9,1990828
2025-04-24,Chicago,36.3,33.9,1991453
2025-04-24,Chicago,36.3,33.9,1962343
2025-04-24,Chicago,36.3,33.9,1961826
2025-04-24,Chicago,36.3,33.9,1961297
2025-04-24,Chicago,36.3,33.9,1962128
2025-04-24,Chicago,36.3,33.9,1962343
2025-04-24,Chicago,36.3,33.9,1998221
2025-04-24,Chicago,36.3,33.9,1996655
2025-04-24,Chicago,36.3,33.9,1995481
2025-04-24,Chicago,36.3,33.9,1997434
2025-04-24,Chicago,36.3,33.9,1998221
2025-04-24,Chicago,36.3,33.9,6772
2025-04-24,Chicago,36.3,33.9,6355
2025-04-24,Chicago,36.3,33.9,6251
2025-04-24,Chicago,36.3,33.9,6609
2025-04-24,Chicago,36.3,33.9,6772
2025-04-24,Houston,37.3,35.5,1237172
2025-04-24,Houston,37.3,35.5,1240716
2025-04-24,Houston,37.3,35.5,1242532
2025-04-24,Houston,37.3,35.5,1238857
2025-04-24,Houston,37.3,35.5,1237172
2025-04-24,Houston,37.3,35.5,1271021
2025-04-24,Houston,37.3,35.5,1271877
2025-04-24,Houston,37.3,35.5,1270596
2025-04-24,Houston,37.3,35.5,1271392
2025-04-24,Houston,37.3,35.5,1271021
2025-04-24,Houston,37.3,35.5,1237904
2025-04-24,Houston,37.3,35.5,1241283
2025-04-24,Houston,37.3,35.5,1243098
2025-04-24,Houston,37.3,35.5,1239547
2025-04-24,Houston,37.3,35.5,1237904
2025-04-24,Houston,37.3,35.5,731
2025-04-24,Houston,37.3,35.5,566
2025-04-24,Houston,37.3,35.5,565
2025-04-24,Houston,37.3,35.5,689
2025-04-24,Houston,37.3,35.5,731
2025-04-24,New York,36.5,34.4,348022
2025-04-24,New York,36.5,34.4,347868
2025-04-24,New York,36.5,34.4,347655
2025-04-24,New York,36.5,34.4,347981
2025-04-24,New York,36.5,34.4,348022
2025-04-24,New York,36.5,34.4,337096
2025-04-24,New York,36.5,34.4,337175
2025-04-24,New York,36.5,34.4,337148
2025-04-24,New York,36.5,34.4,337159
2025-04-24,New York,36.5,34.4,337096
2025-04-24,New York,36.5,34.4,317450
2025-04-24,New York,36.5,34.4,317755
2025-04-24,New York,36.5,34.4,317691
2025-04-24,New York,36.5,34.4,317778
2025-04-24,New York,36.5,34.4,317450
2025-04-24,New York,36.5,34.4,-30572
2025-04-24,New York,36.5,34.4,-30113
2025-04-24,New York,36.5,34.4,-29964
2025-04-24,New York,36.5,34.4,-30203
2025-04-24,New York,36.5,34.4,-30572
2025-04-24,Phoenix,38.0,35.3,82493
2025-04-24,Phoenix,38.0,35.3,82701
2025-04-24,Phoenix,38.0,35.3,82848
2025-04-24,Phoenix,38.0,35.3,82565
2025-04-24,Phoenix,38.0,35.3,82493
2025-04-24,Phoenix,38.0,35.3,83358
2025-04-24,Phoenix,38.0,35.3,83363
2025-04-24,Phoenix,38.0,35.3,83391
2025-04-24,Phoenix,38.0,35.3,83342
2025-04-24,Phoenix,38.0,35.3,83358
2025-04-24,Phoenix,38.0,35.3,50554
2025-04-24,Phoenix,38.0,35.3,50134
2025-04-24,Phoenix,38.0,35.3,50073
2025-04-24,Phoenix,38.0,35.3,50313
2025-04-24,Phoenix,38.0,35.3,50554
2025-04-24,Phoenix,38.0,35.3,-31939
2025-04-24,Phoenix,38.0,35.3,-32567
2025-04-24,Phoenix,38.0,35.3,-32775
2025-04-24,Phoenix,38.0,35.3,-32252
2025-04-24,Phoenix,38.0,35.3,-31939
2025-04-24,Seattle,36.0,33.1,22964
2025-04-24,Seattle,36.0,33.1,23007
2025-04-24,Seattle,36.0,33.1,23026
2025-04-24,Seattle,36.0,33.1,22986
2025-04-24,Seattle,36.0,33.1,22964
2025-04-24,Seattle,36.0,33.1,23278
2025-04-24,Seattle,36.0,33.1,23345
2025-04-24,Seattle,36.0,33.1,23379
2025-04-24,Seattle,36.0,33.1,23311
2025-04-24,Seattle,36.0,33.1,23278
2025-04-24,Seattle,36.0,33.1,17165
2025-04-24,Seattle,36.0,33.1,16908
2025-04-24,Seattle,36.0,33.1,16766
2025-04-24,Seattle,36.0,33.1,17053
2025-04-24,Seattle,36.0,33.1,17165
2025-04-24,Seattle,36.0,33.1,-5799
2025-04-24,Seattle,36.0,33.1,-6099
2025-04-24,Seattle,36.0,33.1,-6260
2025-04-24,Seattle,36.0,33.1,-5933
2025-04-24,Seattle,36.0,33.1,-5799
2025-04-25,Chicago,34.7,33.5,1973234
2025-04-25,Chicago,34.7,33.5,1971502
2025-04-25,Chicago,34.7,33.5,1971678
2025-04-25,Chicago,34.7,33.5,1972530
2025-04-25,Chicago,34.7,33.5,1973234
2025-04-25,Chicago,34.7,33.5,1921461
2025-04-25,Chicago,34.7,33.5,1925491
2025-04-25,Chicago,34.7,33.5,1927140
2025-04-25,Chicago,34.7,33.5,1923637
2025-04-25,Chicago,34.7,33.5,1921461
2025-04-25,Chicago,34.7,33.5,1987515
2025-04-25,Chicago,34.7,33.5,1982554
2025-04-25,Chicago,34.7,33.5,1982702
2025-04-25,Chicago,34.7,33.5,1984786
2025-04-25,Chicago,34.7,33.5,1987515
2025-04-25,Chicago,34.7,33.5,14276
2025-04-25,Chicago,34.7,33.5,11048
2025-04-25,Chicago,34.7,33.5,11020
2025-04-25,Chicago,34.7,33.5,12252
2025-04-25,Chicago,34.7,33.5,14276
2025-04-25,Houston,37.6,35.5,1261867
2025-04-25,Houston,37.6,35.5,1256501
2025-04-25,Houston,37.6,35.5,1253204
2025-04-25,Houston,37.6,35.5,1259524
2025-04-25,Houston,37.6,35.5,1261867
2025-04-25,Houston,37.6,35.5,1284660
2025-04-25,Houston,37.6,35.5,1280445
2025-04-25,Houston,37.6,35.5,1279690
2025-04-25,Houston,37.6,35.5,1282613
2025-04-25,Houston,37.6,35.5,1284660
2025-04-25,Houston,37.6,35.5,1260485
2025-04-25,Houston,37.6,35.5,1255169
2025-04-25,Houston,37.6,35.5,1251871
2025-04-25,Houston,37.6,35.5,1258125
2025-04-25,Houston,37.6,35.5,1260485
2025-04-25,Houston,37.6,35.5,-1375
2025-04-25,Houston,37.6,35.5,-1326
2025-04-25,Houston,37.6,35.5,-1326
2025-04-25,Houston,37.6,35.5,-1393
2025-04-25,Houston,37.6,35.5,-1375
2025-04-25,New York,36.5,34.8,357567
2025-04-25,New York,36.5,34.8,357140
2025-04-25,New York,36.5,34.8,356956
2025-04-25,New York,36.5,34.8,357348
2025-04-25,New York,36.5,34.8,357567
2025-04-25,New York,36.5,34.8,344570
2025-04-25,New York,36.5,34.8,344229
2025-04-25,New York,36.5,34.8,344074
2025-04-25,New York,36.5,34.8,344392
2025-04-25,New York,36.5,34.8,344570
2025-04-25,New York,36.5,34.8,310623
2025-04-25,New York,36.5,34.8,310131
2025-04-25,New York,36.5,34.8,309721
2025-04-25,New York,36.5,34.8,310392
2025-04-25,New York,36.5,34.8,310623
2025-04-25,New York,36.5,34.8,-46944
2025-04-25,New York,36.5,34.8,-47009
2025-04-25,New York,36.5,34.8,-47235
2025-04-25,New York,36.5,34.8,-46956
2025-04-25,New York,36.5,34.8,-46944
2025-04-25,Phoenix,38.2,35.4,81015
2025-04-25,Phoenix,38.2,35.4,81063
2025-04-25,Phoenix,38.2,35.4,81084
2025-04-25,Phoenix,38.2,35.4,81046
2025-04-25,Phoenix,38.2,35.4,81015
2025-04-25,Phoenix,38.2,35.4,83796
2025-04-25,Phoenix,38.2,35.4,83894
2025-04-25,Phoenix,38.2,35.4,83938
2025-04-25,Phoenix,38.2,35.4,83927
2025-04-25,Phoenix,38.2,35.4,83796
2025-04-25,Phoenix,38.2,35.4,53346
2025-04-25,Phoenix,38.2,35.4,53416
2025-04-25,Phoenix,38.2,35.4,53425
2025-04-25,Phoenix,38.2,35.4,53203
2025-04-25,Phoenix,38.2,35.4,53346
2025-04-25,Phoenix,38.2,35.4,-27669
2025-04-25,Phoenix,38.2,35.4,-27647
2025-04-25,Phoenix,38.2,35.4,-27659
2025-04-25,Phoenix,38.2,35.4,-27843
2025-04-25,Phoenix,38.2,35.4,-27669
2025-04-25,Seattle,35.9,33.5,22990
2025-04-25,Seattle,35.9,33.5,22930
2025-04-25,Seattle,35.9,33.5,22913
2025-04-25,Seattle,35.9,33.5,22964
2025-04-25,Seattle,35.9,33.5,22990
2025-04-25,Seattle,35.9,33.5,22944
2025-04-25,Seattle,35.9,33.5,22946
2025-04-25,Seattle,35.9,33.5,22967
2025-04-25,Seattle,35.9,33.5,22940
2025-04-25,Seattle,35.9,33.5,22944
2025-04-25,Seattle,35.9,33.5,16386
2025-04-25,Seattle,35.9,33.5,16448
2025-04-25,Seattle,35.9,33.5,16458
2025-04-25,Seattle,35.9,33.5,16426
2025-04-25,Seattle,35.9,33.5,16386
2025-04-25,Seattle,35.9,33.5,-6604
2025-04-25,Seattle,35.9,33.5,-6482
2025-04-25,Seattle,35.9,33.5,-6455
2025-04-25,Seattle,35.9,33.5,-6538
2025-04-25,Seattle,35.9,33.5,-6604
2025-04-26,Chicago,34.2,32.9,1844781
2025-04-26,Chicago,34.2,32.9,1852432
2025-04-26,Chicago,34.2,32.9,1855708
2025-04-26,Chicago,34.2,32.9,1848212
2025-04-26,Chicago,34.2,32.9,1844781
2025-04-26,Chicago,34.2,32.9,1775810
2025-04-26,Chicago,34.2,32.9,1776214
2025-04-26,Chicago,34.2,32.9,1777237
2025-04-26,Chicago,34.2,32.9,1775633
2025-04-26,Chicago,34.2,32.9,1775810
2025-04-26,Chicago,34.2,32.9,1884595
2025-04-26,Chicago,34.2,32.9,1893362
2025-04-26,Chicago,34.2,32.9,1896224
2025-04-26,Chicago,34.2,32.9,1888858
2025-04-26,Chicago,34.2,32.9,1884595
2025-04-26,Chicago,34.2,32.9,39811
2025-04-26,Chicago,34.2,32.9,40926
2025-04-26,Chicago,34.2,32.9,40512
2025-04-26,Chicago,34.2,32.9,40642
2025-04-26,Chicago,34.2,32.9,39811
2025-04-26,Houston,37.5,35.6,1242070
2025-04-26,Houston,37.5,35.6,1242288
2025-04-26,Houston,37.5,35.6,1242701
2025-04-26,Houston,37.5,35.6,1242322
2025-04-26,Houston,37.5,35.6,1242070
2025-04-26,Houston,37.5,35.6,1252465
2025-04-26,Houston,37.5,35.6,1253625
2025-04-26,Houston,37.5,35.6,1254663
2025-04-26,Houston,37.5,35.6,1252992
2025-04-26,Houston,37.5,35.6,1252465
2025-04-26,Houston,37.5,35.6,1240417
2025-04-26,Houston,37.5,35.6,1240453
2025-04-26,Houston,37.5,35.6,1240843
2025-04-26,Houston,37.5,35.6,1240586
2025-04-26,Houston,37.5,35.6,1240417
2025-04-26,Houston,37.5,35.6,-1650
2025-04-26,Houston,37.5,35.6,-1834
2025-04-26,Houston,37.5,35.6,-1857
2025-04-26,Houston,37.5,35.6,-1734
2025-04-26,Houston,37.5,35.6,-1650
2025-04-26,New York,36.2,34.1,350143
2025-04-26,New York,36.2,34.1,350683
2025-04-26,New York,36.2,34.1,350989
2025-04-26,New York,36.2,34.1,350409
2025-04-26,New York,36.2,34.1,350143
2025-04-26,New York,36.2,34.1,336630
2025-04-26,New York,36.2,34.1,337036
2025-04-26,New York,36.2,34.1,337286
2025-04-26,New York,36.2,34.1,336828
2025-04-26,New York,36.2,34.1,336630
2025-04-26,New York,36.2,34.1,304113
2025-04-26,New York,36.2,34.1,304219
2025-04-26,New York,36.2,34.1,304321
2025-04-26,New York,36.2,34.1,304232
2025-04-26,New York,36.2,34.1,304113
2025-04-26,New York,36.2,34.1,-46030
2025-04-26,New York,36.2,34.1,-46464
2025-04-26,New York,36.2,34.1,-46668
2025-04-26,New York,36.2,34.1,-46177
2025-04-26,New York,36.2,34.1,-46030
2025-04-26,Phoenix,37.4,35.3,72838
2025-04-26,Phoenix,37.4,35.3,73567
2025-04-26,Phoenix,37.4,35.3,74058
2025-04-26,Phoenix,37.4,35.3,73162
2025-04-26,Phoenix,37.4,35.3,72838
2025-04-26,Phoenix,37.4,35.3,76979
2025-04-26,Phoenix,37.4,35.3,76720
2025-04-26,Phoenix,37.4,35.3,76741
2025-04-26,Phoenix,37.4,35.3,76773
2025-04-26,Phoenix,37.4,35.3,76979
2025-04-26,Phoenix,37.4,35.3,57966
2025-04-26,Phoenix,37.4,35.3,57601
2025-04-26,Phoenix,37.4,35.3,57282
2025-04-26,Phoenix,37.4,35.3,57830
2025-04-26,Phoenix,37.4,35.3,57966
2025-04-26,Phoenix,37.4,35.3,-14872
2025-04-26,Phoenix,37.4,35.3,-15966
2025-04-26,Phoenix,37.4,35.3,-16776
2025-04-26,Phoenix,37.4,35.3,-15332
2025-04-26,Phoenix,37.4,35.3,-14872
2025-04-26,Seattle,35.0,33.4,21789
2025-04-26,Seattle,35.0,33.4,21815
2025-04-26,Seattle,35.0,33.4,21850
2025-04-26,Seattle,35.0,33.4,21786
2025-04-26,Seattle,35.0,33.4,21789
2025-04-26,Seattle,35.0,33.4,21027
2025-04-26,Seattle,35.0,33.4,21061
2025-04-26,Seattle,35.0,33.4,21097
2025-04-26,Seattle,35.0,33.4,21037
2025-04-26,Seattle,35.0,33.4,21027
2025-04-26,Seattle,35.0,33.4,14248
2025-04-26,Seattle,35.0,33.4,14252
2025-04-26,Seattle,35.0,33.4,14281
2025-04-26,Seattle,35.0,33.4,14171
2025-04-26,Seattle,35.0,33.4,14248
2025-04-26,Seattle,35.0,33.4,-7541
2025-04-26,Seattle,35.0,33.4,-7563
2025-04-26,Seattle,35.0,33.4,-7569
2025-04-26,Seattle,35.0,33.4,-7615
2025-04-26,Seattle,35.0,33.4,-7541
2025-04-27,Chicago,35.7,32.7,1744074
2025-04-27,Chicago,35.7,32.7,1742405
2025-04-27,Chicago,35.7,32.7,1742725
2025-04-27,Chicago,35.7,32.7,1743036
2025-04-27,Chicago,35.7,32.7,1744074
2025-04-27,Chicago,35.7,32.7,1733784
2025-04-27,Chicago,35.7,32.7,1732940
2025-04-27,Chicago,35.7,32.7,1733437
2025-04-27,Chicago,35.7,32.7,1733200
2025-04-27,Chicago,35.7,32.7,1733784
2025-04-27,Chicago,35.7,32.7,1799636
2025-04-27,Chicago,35.7,32.7,1798130
2025-04-27,Chicago,35.7,32.7,1798094
2025-04-27,Chicago,35.7,32.7,1798765
2025-04-27,Chicago,35.7,32.7,1799636
2025-04-27,Chicago,35.7,32.7,55561
2025-04-27,Chicago,35.7,32.7,55724
2025-04-27,Chicago,35.7,32.7,55368
2025-04-27,Chicago,35.7,32.7,55728
2025-04-27,Chicago,35.7,32.7,55561
2025-04-27,Houston,37.6,35.8,1274196
2025-04-27,Houston,37.6,35.8,1270821
2025-04-27,Houston,37.6,35.8,1268886
2025-04-27,Houston,37.6,35.8,1272272
2025-04-27,Houston,37.6,35.8,1274196
2025-04-27,Houston,37.6,35.8,1253216
2025-04-27,Houston,37.6,35.8,1250413
2025-04-27,Houston,37.6,35.8,1249852
2025-04-27,Houston,37.6,35.8,1251860
2025-04-27,Houston,37.6,35.8,1253216
2025-04-27,Houston,37.6,35.8,1272403
2025-04-27,Houston,37.6,35.8,1269354
2025-04-27,Houston,37.6,35.8,1267380
2025-04-27,Houston,37.6,35.8,1270651
2025-04-27,Houston,37.6,35.8,1272403
2025-04-27,Houston,37.6,35.8,-1783
2025-04-27,Houston,37.6,35.8,-1456
2025-04-27,Houston,37.6,35.8,-1496
2025-04-27,Houston,37.6,35.8,-1610
2025-04-27,Houston,37.6,35.8,-1783
2025-04-27,New York,34.7,33.6,319384
2025-04-27,New York,34.7,33.6,319561
2025-04-27,New York,34.7,33.6,319753
2025-04-27,New York,34.7,33.6,319431
2025-04-27,New York,34.7,33.6,319384
2025-04-27,New York,34.7,33.6,311803
2025-04-27,New York,34.7,33.6,311789
2025-04-27,New York,34.7,33.6,311893
2025-04-27,New York,34.7,33.6,311751
2025-04-27,New York,34.7,33.6,311803
2025-04-27,New York,34.7,33.6,285616
2025-04-27,New York,34.7,33.6,286659
2025-04-27,New York,34.7,33.6,286865
2025-04-27,New York,34.7,33.6,286185
2025-04-27,New York,34.7,33.6,285616
2025-04-27,New York,34.7,33.6,-33768
2025-04-27,New York,34.7,33.6,-32902
2025-04-27,New York,34.7,33.6,-32888
2025-04-27,New York,34.7,33.6,-33246
2025-04-27,New York,34.7,33.6,-33768
2025-04-27,Phoenix,36.8,35.0,67633
2025-04-27,Phoenix,36.8,35.0,67480
2025-04-27,Phoenix,36.8,35.0,67435
2025-04-27,Phoenix,36.8,35.0,67559
2025-04-27,Phoenix,36.8,35.0,67633
2025-04-27,Phoenix,36.8,35.0,71372
2025-04-27,Phoenix,36.8,35.0,71952
2025-04-27,Phoenix,36.8,35.0,72105
2025-04-27,Phoenix,36.8,35.0,71678
2025-04-27,Phoenix,36.8,35.0,71372
2025-04-27,Phoenix,36.8,35.0,56999
2025-04-27,Phoenix,36.8,35.0,57470
2025-04-27,Phoenix,36.8,35.0,57680
2025-04-27,Phoenix,36.8,35.0,57202
2025-04-27,Phoenix,36.8,35.0,56999
2025-04-27,Phoenix,36.8,35.0,-10634
2025-04-27,Phoenix,36.8,35.0,-10010
2025-04-27,Phoenix,36.8,35.0,-9755
2025-04-27,Phoenix,36.8,35.0,-10357
2025-04-27,Phoenix,36.8,35.0,-10634
2025-04-27,Seattle,34.6,33.2,22496
2025-04-27,Seattle,34.6,33.2,22406
2025-04-27,Seattle,34.6,33.2,22336
2025-04-27,Seattle,34.6,33.2,22460
2025-04-27,Seattle,34.6,33.2,22496
2025-04-27,Seattle,34.6,33.2,21878
2025-04-27,Seattle,34.6,33.2,21814
2025-04-27,Seattle,34.6,33.2,21749
2025-04-27,Seattle,34.6,33.2,21856
2025-04-27,Seattle,34.6,33.2,21878
2025-04-27,Seattle,34.6,33.2,11779
2025-04-27,Seattle,34.6,33.2,11714
2025-04-27,Seattle,34.6,33.2,11636
2025-04-27,Seattle,34.6,33.2,11806
2025-04-27,Seattle,34.6,33.2,11779
2025-04-27,Seattle,34.6,33.2,-10717
2025-04-27,Seattle,34.6,33.2,-10692
2025-04-27,Seattle,34.6,33.2,-10700
2025-04-27,Seattle,34.6,33.2,-10654
2025-04-27,Seattle,34.6,33.2,-10717
2025-04-28,Chicago,37.2,34.1,1953655
2025-04-28,Chicago,37.2,34.1,1947033
2025-04-28,Chicago,37.2,34.1,1942538
2025-04-28,Chicago,37.2,34.1,1950917
2025-04-28,Chicago,37.2,34.1,1953655
2025-04-28,Chicago,37.2,34.1,1896575
2025-04-28,Chicago,37.2,34.1,1893306
2025-04-28,Chicago,37.2,34.1,1890624
2025-04-28,Chicago,37.2,34.1,1895237
2025-04-28,Chicago,37.2,34.1,1896575
2025-04-28,Chicago,37.2,34.1,2009277
2025-04-28,Chicago,37.2,34.1,2000335
2025-04-28,Chicago,37.2,34.1,1994953
2025-04-28,Chicago,37.2,34.1,2005138
2025-04-28,Chicago,37.2,34.1,2009277
2025-04-28,Chicago,37.2,34.1,55623
2025-04-28,Chicago,37.2,34.1,53303
2025-04-28,Chicago,37.2,34.1,52416
2025-04-28,Chicago,37.2,34.1,54222
2025-04-28,Chicago,37.2,34.1,55623
2025-04-28,Houston,37.4,35.9,1323896
2025-04-28,Houston,37.4,35.9,1323819
2025-04-28,Houston,37.4,35.9,1323569
2025-04-28,Houston,37.4,35.9,1323962
2025-04-28,Houston,37.4,35.9,1323896
2025-04-28,Houston,37.4,35.9,1333928
2025-04-28,Houston,37.4,35.9,1335380
2025-04-28,Houston,37.4,35.9,1333840
2025-04-28,Houston,37.4,35.9,1334691
2025-04-28,Houston,37.4,35.9,1333928
2025-04-28,Houston,37.4,35.9,1319804
2025-04-28,Houston,37.4,35.9,1319742
2025-04-28,Houston,37.4,35.9,1319555
2025-04-28,Houston,37.4,35.9,1319881
2025-04-28,Houston,37.4,35.9,1319804
2025-04-28,Houston,37.4,35.9,-4082
2025-04-28,Houston,37.4,35.9,-4066
2025-04-28,Houston,37.4,35.9,-4002
2025-04-28,Houston,37.4,35.9,-4071
2025-04-28,Houston,37.4,35.9,-4082
2025-04-28,New York,36.4,33.9,337969
2025-04-28,New York,36.4,33.9,338115
2025-04-28,New York,36.4,33.9,338108
2025-04-28,New York,36.4,33.9,338073
2025-04-28,New York,36.4,33.9,337969
2025-04-28,New York,36.4,33.9,329618
2025-04-28,New York,36.4,33.9,329849
2025-04-28,New York,36.4,33.9,329866
2025-04-28,New York,36.4,33.9,329759
2025-04-28,New York,36.4,33.9,329618
2025-04-28,New York,36.4,33.9,296099
2025-04-28,New York,36.4,33.9,293905
2025-04-28,New York,36.4,33.9,293366
2025-04-28,New York,36.4,33.9,294839
2025-04-28,New York,36.4,33.9,296099
2025-04-28,New York,36.4,33.9,-41870
2025-04-28,New York,36.4,33.9,-44210
2025-04-28,New York,36.4,33.9,-44742
2025-04-28,New York,36.4,33.9,-43234
2025-04-28,New York,36.4,33.9,-41870
2025-04-28,Phoenix,37.0,34.7,75494
2025-04-28,Phoenix,37.0,34.7,75340
2025-04-28,Phoenix,37.0,34.7,75163
2025-04-28,Phoenix,37.0,34.7,75436
2025-04-28,Phoenix,37.0,34.7,75494
2025-04-28,Phoenix,37.0,34.7,75073
2025-04-28,Phoenix,37.0,34.7,74949
2025-04-28,Phoenix,37.0,34.7,74959
2025-04-28,Phoenix,37.0,34.7,74974
2025-04-28,Phoenix,37.0,34.7,75073
2025-04-28,Phoenix,37.0,34.7,55699
2025-04-28,Phoenix,37.0,34.7,55030
2025-04-28,Phoenix,37.0,34.7,54981
2025-04-28,Phoenix,37.0,34.7,55440
2025-04-28,Phoenix,37.0,34.7,55699
2025-04-28,Phoenix,37.0,34.7,-19795
2025-04-28,Phoenix,37.0,34.7,-20310
2025-04-28,Phoenix,37.0,34.7,-20182
2025-04-28,Phoenix,37.0,34.7,-19996
2025-04-28,Phoenix,37.0,34.7,-19795
2025-04-28,Seattle,34.3,33.4,25051
2025-04-28,Seattle,34.3,33.4,24993
2025-04-28,Seattle,34.3,33.4,24944
2025-04-28,Seattle,34.3,33.4,25034
2025-04-28,Seattle,34.3,33.4,25051
2025-04-28,Seattle,34.3,33.4,24408
2025-04-28,Seattle,34.3,33.4,24320
2025-04-28,Seattle,34.3,33.4,24257
2025-04-28,Seattle,34.3,33.4,24371
2025-04-28,Seattle,34.3,33.4,24408
2025-04-28,Seattle,34.3,33.4,15159
2025-04-28,Seattle,34.3,33.4,15616
2025-04-28,Seattle,34.3,33.4,15787
2025-04-28,Seattle,34.3,33.4,15379
2025-04-28,Seattle,34.3,33.4,15159
2025-04-28,Seattle,34.3,33.4,-9892
2025-04-28,Seattle,34.3,33.4,-9377
2025-04-28,Seattle,34.3,33.4,-9157
2025-04-28,Seattle,34.3,33.4,-9655
2025-04-28,Seattle,34.3,33.4,-9892
2025-04-29,Chicago,36.5,33.8,2026336
2025-04-29,Chicago,36.5,33.8,2024656
2025-04-29,Chicago,36.5,33.8,2023761
2025-04-29,Chicago,36.5,33.8,2025507
2025-04-29,Chicago,36.5,33.8,2026336
2025-04-29,Chicago,36.5,33.8,2019800
2025-04-29,Chicago,36.5,33.8,2015604
2025-04-29,Chicago,36.5,33.8,2013028
2025-04-29,Chicago,36.5,33.8,2017852
2025-04-29,Chicago,36.5,33.8,2019800
2025-04-29,Chicago,36.5,33.8,2077085
2025-04-29,Chicago,36.5,33.8,2077026
2025-04-29,Chicago,36.5,33.8,2077287
2025-04-29,Chicago,36.5,33.8,2076827
2025-04-29,Chicago,36.5,33.8,2077085
2025-04-29,Chicago,36.5,33.8,50745
2025-04-29,Chicago,36.5,33.8,52367
2025-04-29,Chicago,36.5,33.8,53523
2025-04-29,Chicago,36.5,33.8,51316
2025-04-29,Chicago,36.5,33.8,50745
2025-04-29,Houston,37.2,35.8,1307918
2025-04-29,Houston,37.2,35.8,1309069
2025-04-29,Houston,37.2,35.8,1309879
2025-04-29,Houston,37.2,35.8,1308355
2025-04-29,Houston,37.2,35.8,1307918
2025-04-29,Houston,37.2,35.8,1322344
2025-04-29,Houston,37.2,35.8,1322063
2025-04-29,Houston,37.2,35.8,1322071
2025-04-29,Houston,37.2,35.8,1322222
2025-04-29,Houston,37.2,35.8,1322344
2025-04-29,Houston,37.2,35.8,1307140
2025-04-29,Houston,37.2,35.8,1308119
2025-04-29,Houston,37.2,35.8,1308894
2025-04-29,Houston,37.2,35.8,1307453
2025-04-29,Houston,37.2,35.8,1307140
2025-04-29,Houston,37.2,35.8,-778
2025-04-29,Houston,37.2,35.8,-948
2025-04-29,Houston,37.2,35.8,-982
2025-04-29,Houston,37.2,35.8,-900
2025-04-29,Houston,37.2,35.8,-778
2025-04-29,New York,36.7,34.4,351109
2025-04-29,New York,36.7,34.4,350441
2025-04-29,New York,36.7,34.4,350034
2025-04-29,New York,36.7,34.4,350806
2025-04-29,New York,36.7,34.4,351109
2025-04-29,New York,36.7,34.4,351809
2025-04-29,New York,36.7,34.4,350992
2025-04-29,New York,36.7,34.4,350472
2025-04-29,New York,36.7,34.4,351435
2025-04-29,New York,36.7,34.4,351809
2025-04-29,New York,36.7,34.4,325378
2025-04-29,New York,36.7,34.4,325781
2025-04-29,New York,36.7,34.4,325429
2025-04-29,New York,36.7,34.4,325484
2025-04-29,New York,36.7,34.4,325378
2025-04-29,New York,36.7,34.4,-25731
2025-04-29,New York,36.7,34.4,-24660
2025-04-29,New York,36.7,34.4,-24605
2025-04-29,New York,36.7,34.4,-25322
2025-04-29,New York,36.7,34.4,-25731
2025-04-29,Phoenix,37.6,35.1,79864
2025-04-29,Phoenix,37.6,35.1,79502
2025-04-29,Phoenix,37.6,35.1,79294
2025-04-29,Phoenix,37.6,35.1,79717
2025-04-29,Phoenix,37.6,35.1,79864
2025-04-29,Phoenix,37.6,35.1,79845
2025-04-29,Phoenix,37.6,35.1,79609
2025-04-29,Phoenix,37.6,35.1,79424
2025-04-29,Phoenix,37.6,35.1,79755
2025-04-29,Phoenix,37.6,35.1,79845
2025-04-29,Phoenix,37.6,35.1,59730
2025-04-29,Phoenix,37.6,35.1,59494
2025-04-29,Phoenix,37.6,35.1,59363
2025-04-29,Phoenix,37.6,35.1,59556
2025-04-29,Phoenix,37.6,35.1,59730
2025-04-29,Phoenix,37.6,35.1,-20134
2025-04-29,Phoenix,37.6,35.1,-20008
2025-04-29,Phoenix,37.6,35.1,-19931
2025-04-29,Phoenix,37.6,35.1,-20161
2025-04-29,Phoenix,37.6,35.1,-20134
2025-04-29,Seattle,34.7,33.5,25228
2025-04-29,Seattle,34.7,33.5,25214
2025-04-29,Seattle,34.7,33.5,25205
2025-04-29,Seattle,34.7,33.5,25209
2025-04-29,Seattle,34.7,33.5,25228
2025-04-29,Seattle,34.7,33.5,24090
2025-04-29,Seattle,34.7,33.5,24090
2025-04-29,Seattle,34.7,33.5,24097
2025-04-29,Seattle,34.7,33.5,24090
2025-04-29,Seattle,34.7,33.5,24090
2025-04-29,Seattle,34.7,33.5,14775
2025-04-29,Seattle,34.7,33.5,14659
2025-04-29,Seattle,34.7,33.5,14650
2025-04-29,Seattle,34.7,33.5,14746
2025-04-29,Seattle,34.7,33.5,14775
2025-04-29,Seattle,34.7,33.5,-10453
2025-04-29,Seattle,34.7,33.5,-10555
2025-04-29,Seattle,34.7,33.5,-10555
2025-04-29,Seattle,34.7,33.5,-10463
2025-04-29,Seattle,34.7,33.5,-10453
2025-04-30,Chicago,34.9,33.2,
2025-04-30,Houston,37.4,36.2,
2025-04-30,New York,36.1,34.7,
2025-04-30,Phoenix,37.9,35.2,
2025-04-30,Seattle,34.9,33.1,
2025-05-01,Chicago,35.6,33.9,
2025-05-01,Houston,37.7,35.9,
2025-05-01,New York,35.9,34.0,
2025-05-01,Phoenix,38.2,35.6,
2025-05-01,Seattle,36.4,33.1,
2025-05-02,Chicago,34.5,33.4,
2025-05-02,Houston,37.4,35.6,
2025-05-02,New York,37.2,34.5,
2025-05-02,Phoenix,38.2,35.9,
2025-05-02,Seattle,35.7,33.8,
2025-05-03,Chicago,34.2,33.2,
2025-05-03,Houston,37.0,35.2,
2025-05-03,New York,37.3,35.1,
2025-05-03,Phoenix,38.5,35.8,
2025-05-03,Seattle,34.5,33.3,
2025-05-04,Chicago,34.7,33.3,
2025-05-04,Houston,37.1,34.7,
2025-05-04,New York,35.7,34.8,
2025-05-04,Phoenix,37.1,35.3,
2025-05-04,Seattle,34.9,33.0,
2025-05-05,Chicago,34.9,33.5,
2025-05-05,Houston,36.9,34.8,
2025-05-05,New York,34.9,34.5,
2025-05-05,Phoenix,36.2,34.7,
2025-05-05,Seattle,35.8,33.0,
2025-05-06,Chicago,36.5,33.5,
2025-05-06,Houston,37.2,35.5,
2025-05-06,New York,35.2,34.5,
2025-05-06,Phoenix,36.5,35.0,
2025-05-06,Seattle,36.5,33.6,
2025-05-07,Chicago,36.3,33.6,
2025-05-07,Houston,37.3,35.7,
2025-05-07,New York,36.2,34.3,
2025-05-07,Phoenix,37.4,35.3,
2025-05-07,Seattle,35.4,33.4,
2025-05-08,Chicago,34.6,32.9,
2025-05-08,Houston,37.8,35.5,
2025-05-08,New York,36.6,34.8,
2025-05-08,Phoenix,38.3,35.4,
2025-05-08,Seattle,35.1,33.1,
2025-05-09,Chicago,35.5,32.5,
2025-05-09,Houston,37.3,35.6,
2025-05-09,New York,34.8,33.9,
2025-05-09,Phoenix,39.2,36.1,
2025-05-09,Seattle,35.8,33.2,
2025-05-10,Chicago,36.1,33.4,
2025-05-10,Houston,37.2,35.3,
2025-05-10,New York,36.0,33.8,
2025-05-10,Phoenix,39.1,36.6,
2025-05-10,Seattle,35.1,33.7,
2025-05-11,Chicago,35.9,33.0,
2025-05-11,Houston,37.0,35.0,
2025-05-11,New York,36.5,34.6,
2025-05-11,Phoenix,39.2,36.5,
2025-05-11,Seattle,35.0,33.7,
2025-05-12,Chicago,36.8,33.6,
2025-05-12,Houston,37.4,34.9,
2025-05-12,New York,36.0,34.5,
2025-05-12,Phoenix,38.9,36.8,
2025-05-12,Seattle,35.5,33.3,
2025-05-13,Chicago,36.6,34.6,
2025-05-13,Houston,38.3,35.7,
2025-05-13,New York,35.7,34.6,
2025-05-13,Phoenix,37.8,36.3,
2025-05-13,Seattle,34.8,33.6,
2025-05-14,Chicago,36.8,34.4,
2025-05-14,Houston,38.4,36.3,
2025-05-14,New York,35.0,34.4,
2025-05-14,Phoenix,37.2,35.4,
2025-05-14,Seattle,35.0,33.7,
2025-05-15,Chicago,38.2,34.5,
2025-05-15,Houston,38.3,36.5,
2025-05-15,New York,35.7,34.7,
2025-05-15,Phoenix,37.7,35.3,
2025-05-15,Seattle,34.4,33.2,
2025-05-16,Chicago,37.6,34.8,
2025-05-16,Houston,38.1,36.9,
2025-05-16,New York,36.0,34.9,
2025-05-16,Phoenix,38.2,35.5,
2025-05-16,Seattle,34.7,33.6,
2025-05-17,Chicago,35.9,34.2,
2025-05-17,Houston,38.2,36.7,
2025-05-17,New York,37.0,35.1,
2025-05-17,Phoenix,38.3,35.8,
2025-05-17,Seattle,35.0,33.6,
2025-05-18,Chicago,35.2,33.3,
2025-05-18,Houston,38.0,36.9,
2025-05-18,New York,36.1,34.9,
2025-05-18,Phoenix,37.4,35.5,
2025-05-18,Seattle,35.0,33.3,
2025-05-19,Chicago,34.3,33.1,
2025-05-19,Houston,38.0,36.8,
2025-05-19,New York,35.7,33.9,
2025-05-19,Phoenix,38.2,35.8,
2025-05-19,Seattle,34.9,33.5,
2025-05-20,Chicago,34.4,33.6,
2025-05-20,Houston,38.4,36.9,
2025-05-20,New York,35.5,33.7,
2025-05-20,Phoenix,38.7,35.8,
2025-05-20,Seattle,34.8,33.5,
2025-05-21,Chicago,34.0,33.6,
2025-05-21,Houston,37.7,36.4,
2025-05-21,New York,34.7,33.7,
2025-05-21,Phoenix,39.0,35.9,
2025-05-21,Seattle,35.0,33.7,
2025-05-22,Chicago,34.5,33.4,
2025-05-22,Houston,38.2,36.5,
2025-05-22,New York,33.9,33.6,
2025-05-22,Phoenix,39.4,36.2,
2025-05-22,Seattle,35.6,33.7,
2025-05-23,Chicago,35.3,33.0,
2025-05-23,Houston,38.2,36.4,
2025-05-23,New York,35.1,33.5,
2025-05-23,Phoenix,39.1,36.2,
2025-05-23,Seattle,35.5,33.7,
2025-05-24,Chicago,35.4,33.2,
2025-05-24,Houston,38.4,36.8,
2025-05-24,New York,35.2,33.6,
2025-05-24,Phoenix,38.8,36.3,
2025-05-24,Seattle,36.4,33.5,
2025-05-25,Chicago,35.4,33.5,
2025-05-25,Houston,38.3,37.0,
2025-05-25,New York,35.4,34.0,
2025-05-25,Phoenix,38.6,36.1,
2025-05-25,Seattle,35.7,33.8,
2025-05-26,Chicago,35.5,33.4,
2025-05-26,Houston,37.6,35.8,
2025-05-26,New York,36.1,34.0,
2025-05-26,Phoenix,38.8,36.1,
2025-05-26,Seattle,35.5,33.9,
2025-05-27,Chicago,35.7,34.0,
2025-05-27,Houston,37.9,35.6,
2025-05-27,New York,36.2,34.5,
2025-05-27,Phoenix,38.9,36.3,
2025-05-27,Seattle,36.3,33.6,
2025-05-28,Chicago,35.1,34.3,
2025-05-28,Houston,37.0,36.0,
2025-05-28,New York,35.3,34.0,
2025-05-28,Phoenix,39.1,36.2,
2025-05-28,Seattle,36.9,34.2,
2025-05-29,Chicago,35.8,34.1,
2025-05-29,Houston,38.2,35.9,
2025-05-29,New York,35.5,34.3,
2025-05-29,Phoenix,38.9,36.7,
2025-05-29,Seattle,35.7,34.2,
2025-05-30,Chicago,36.1,34.1,
2025-05-30,Houston,37.7,36.3,
2025-05-30,New York,36.3,35.0,
2025-05-30,Phoenix,39.2,36.1,
2025-05-30,Seattle,36.5,33.8,
2025-05-31,Chicago,35.2,33.8,
2025-05-31,Houston,37.8,36.3,
2025-05-31,New York,35.5,34.1,
2025-05-31,Phoenix,39.0,37.0,
2025-05-31,Seattle,35.2,34.0,
2025-06-01,Chicago,35.8,33.4,
2025-06-01,Houston,38.1,36.0,
2025-06-01,New York,35.4,33.8,
2025-06-01,Phoenix,37.9,35.7,
2025-06-01,Seattle,35.5,33.5,
2025-06-02,Chicago,37.2,33.8,
2025-06-02,Houston,38.1,36.3,
2025-06-02,New York,35.9,34.1,
2025-06-02,Phoenix,37.7,35.5,
2025-06-02,Seattle,35.9,33.6,
2025-06-03,Chicago,37.7,35.6,
2025-06-03,Houston,37.8,36.2,
2025-06-03,New York,36.7,34.4,
2025-06-03,Phoenix,38.5,36.6,
2025-06-03,Seattle,36.2,33.9,
2025-06-04,Chicago,35.9,34.3,
2025-06-04,Houston,38.0,36.7,
2025-06-04,New York,37.1,35.0,
2025-06-04,Phoenix,38.3,36.3,
2025-06-04,Seattle,35.5,34.2,
2025-06-05,Chicago,36.0,34.2,
2025-06-05,Houston,38.2,36.4,
2025-06-05,New York,37.5,35.8,
2025-06-05,Phoenix,38.9,36.6,
2025-06-05,Seattle,36.5,33.9,
2025-06-06,Chicago,36.5,34.5,
2025-06-06,Houston,38.3,36.8,
2025-06-06,New York,37.2,35.9,
2025-06-06,Phoenix,39.2,36.8,
2025-06-06,Seattle,36.7,34.5,
2025-06-07,Chicago,36.5,34.2,
2025-06-07,Houston,38.5,36.7,
2025-06-07,New York,36.4,35.4,
2025-06-07,Phoenix,39.2,36.8,
2025-06-07,Seattle,36.9,34.3,
2025-06-08,Chicago,36.9,34.7,
2025-06-08,Houston,38.6,36.7,
2025-06-08,New York,36.4,35.1,
2025-06-08,Phoenix,39.5,36.7,
2025-06-08,Seattle,37.8,34.9,
2025-06-09,Chicago,35.9,34.3,
2025-06-09,Houston,38.2,36.0,
2025-06-09,New York,35.2,35.0,
2025-06-09,Phoenix,39.7,36.8,
2025-06-09,Seattle,37.5,34.9,
2025-06-10,Chicago,36.6,34.3,
2025-06-10,Houston,38.1,36.5,
2025-06-10,New York,36.1,35.0,
2025-06-10,Phoenix,39.6,36.9,
2025-06-10,Seattle,36.9,34.1,
2025-06-11,Chicago,38.0,35.2,
2025-06-11,Houston,37.1,36.2,
2025-06-11,New York,36.9,35.3,
2025-06-11,Phoenix,39.6,37.1,
2025-06-11,Seattle,35.7,33.9,
2025-06-12,Chicago,36.7,35.0,
2025-06-12,Houston,36.9,35.9,
2025-06-12,New York,37.5,35.8,
2025-06-12,Phoenix,39.6,37.2,
2025-06-12,Seattle,35.4,33.9,
2025-06-13,Chicago,35.9,34.7,
2025-06-13,Houston,38.0,36.1,
2025-06-13,New York,36.6,35.5,
2025-06-13,Phoenix,39.6,37.0,
2025-06-13,Seattle,35.2,33.8,
2025-06-14,Chicago,36.4,34.6,
2025-06-14,Houston,38.1,36.5,
2025-06-14,New York,35.6,34.7,
2025-06-14,Phoenix,39.8,37.0,
2025-06-14,Seattle,35.6,33.7,
2025-06-15,Chicago,37.0,34.5,
2025-06-15,Houston,38.2,36.1,
2025-06-15,New York,35.2,34.7,
2025-06-15,Phoenix,40.2,36.9,
2025-06-15,Seattle,35.9,34.0,
2025-06-16,Chicago,37.6,34.9,
2025-06-16,Houston,38.0,36.2,
2025-06-16,New York,35.7,34.8,
2025-06-16,Phoenix,40.2,37.1,
2025-06-16,Seattle,36.2,33.8,
2025-06-17,Chicago,38.0,35.9,
2025-06-17,Houston,38.3,36.5,
2025-06-17,New York,35.5,35.0,
2025-06-17,Phoenix,39.8,37.4,
2025-06-17,Seattle,36.1,33.8,
2025-06-18,Chicago,36.9,35.4,
2025-06-18,Houston,38.3,36.7,
2025-06-18,New York,37.2,35.3,
2025-06-18,Phoenix,40.2,37.1,
2025-06-18,Seattle,35.7,34.3,
2025-06-19,Chicago,37.3,35.3,
2025-06-19,Houston,38.3,36.7,
2025-06-19,New York,37.6,35.8,
2025-06-19,Phoenix,40.5,37.3,
2025-06-19,Seattle,35.7,33.8,
2025-06-20,Chicago,37.4,35.7,
2025-06-20,Houston,38.4,36.7,
2025-06-20,New York,37.0,35.5,
2025-06-20,Phoenix,39.8,37.2,
2025-06-20,Seattle,35.1,33.9,
2025-06-21,Chicago,38.2,36.6,
2025-06-21,Houston,38.4,36.9,
2025-06-21,New York,37.4,36.0,
2025-06-21,Phoenix,39.4,37.0,
2025-06-21,Seattle,34.6,33.8,
2025-06-22,Chicago,38.2,36.8,
2025-06-22,Houston,38.2,36.6,
2025-06-22,New York,37.6,35.9,
2025-06-22,Phoenix,38.7,36.7,
2025-06-22,Seattle,35.6,34.1,
2025-06-23,Chicago,38.3,36.7,
2025-06-23,Houston,38.2,36.6,
2025-06-23,New York,38.4,36.8,
2025-06-23,Phoenix,39.2,36.8,
2025-06-23,Seattle,36.5,34.1,
2025-06-24,Chicago,38.2,36.2,
2025-06-24,Houston,38.4,36.5,
2025-06-24,New York,38.7,36.9,
2025-06-24,Phoenix,39.3,36.9,
2025-06-24,Seattle,36.8,34.2,
2025-06-25,Chicago,37.7,35.9,
2025-06-25,Houston,37.7,36.4,
2025-06-25,New York,38.4,36.9,
2025-06-25,Phoenix,39.1,36.7,
2025-06-25,Seattle,35.9,34.2,
2025-06-26,Chicago,38.2,36.5,
2025-06-26,Houston,38.3,36.4,
2025-06-26,New York,37.3,35.4,
2025-06-26,Phoenix,39.3,36.9,
2025-06-26,Seattle,35.4,34.3,
2025-06-27,Chicago,37.5,36.0,
2025-06-27,Houston,38.2,36.3,
2025-06-27,New York,36.0,35.0,
2025-06-27,Phoenix,39.5,37.0,
2025-06-27,Seattle,35.7,34.3,
2025-06-28,Houston,38.3,36.3,
2025-06-28,Phoenix,39.7,37.5,
2025-06-28,Seattle,36.3,34.3,
2025-06-29,Houston,38.1,36.4,
2025-06-29,Phoenix,40.2,37.5,
2025-06-29,Seattle,36.8,34.3,
2025-06-30,Houston,38.2,36.2,
2025-06-30,Phoenix,40.4,37.8,
2025-06-30,Seattle,37.5,34.8,
